-- phpMyAdmin SQL Dump
-- version 5.2.0
-- https://www.phpmyadmin.net/
--
-- Host: 127.0.0.1
-- Generation Time: Dec 02, 2023 at 03:25 PM
-- Server version: 10.4.27-MariaDB
-- PHP Version: 8.2.0

SET SQL_MODE = "NO_AUTO_VALUE_ON_ZERO";
START TRANSACTION;
SET time_zone = "+00:00";


/*!40101 SET @OLD_CHARACTER_SET_CLIENT=@@CHARACTER_SET_CLIENT */;
/*!40101 SET @OLD_CHARACTER_SET_RESULTS=@@CHARACTER_SET_RESULTS */;
/*!40101 SET @OLD_COLLATION_CONNECTION=@@COLLATION_CONNECTION */;
/*!40101 SET NAMES utf8mb4 */;

--
-- Database: `fm_ecom`
--

-- --------------------------------------------------------

--
-- Table structure for table `billings`
--

CREATE TABLE `billings` (
  `id` bigint(20) UNSIGNED NOT NULL,
  `name` varchar(255) NOT NULL,
  `email` varchar(255) NOT NULL,
  `phone_number` varchar(255) NOT NULL,
  `district_id` bigint(20) UNSIGNED NOT NULL,
  `upazila_id` bigint(20) UNSIGNED NOT NULL,
  `address` longtext NOT NULL,
  `order_notes` longtext DEFAULT NULL,
  `payment_method` varchar(255) NOT NULL DEFAULT 'COD',
  `created_at` timestamp NULL DEFAULT NULL,
  `updated_at` timestamp NULL DEFAULT NULL,
  `deleted_at` timestamp NULL DEFAULT NULL
) ENGINE=InnoDB DEFAULT CHARSET=utf8mb4 COLLATE=utf8mb4_unicode_ci;

--
-- Dumping data for table `billings`
--

INSERT INTO `billings` (`id`, `name`, `email`, `phone_number`, `district_id`, `upazila_id`, `address`, `order_notes`, `payment_method`, `created_at`, `updated_at`, `deleted_at`) VALUES
(1, 'far', 'user1@gmail.com', '0151', 1, 2, 'parulia', NULL, 'COD', '2023-11-30 15:21:56', '2023-11-30 15:21:56', NULL),
(2, 'farfa', 'user1@gmail.com', '0151', 1, 1, 'parulia', NULL, 'COD', '2023-11-30 15:23:04', '2023-11-30 15:23:04', NULL),
(3, 'farfacfdf', 'user1@gmail.com', '0151', 1, 2, 'parulia', 'dsf', 'COD', '2023-11-30 15:32:09', '2023-11-30 15:32:09', NULL),
(4, 'far', 'user1@gmail.com', '0151', 3, 24, 'parulia', 'ok', 'COD', '2023-11-30 18:05:54', '2023-11-30 18:05:54', NULL),
(5, 'hi', 'user1@gmail.com', '0151', 1, 1, 'ff', 'adfds', 'COD', '2023-12-01 05:56:57', '2023-12-01 05:56:57', NULL),
(6, 'user2', 'user2@gmail.com', '018', 1, 1, 'rt', 'drrr', 'COD', '2023-12-02 07:07:57', '2023-12-02 07:07:57', NULL);

-- --------------------------------------------------------

--
-- Table structure for table `categories`
--

CREATE TABLE `categories` (
  `id` bigint(20) UNSIGNED NOT NULL,
  `title` varchar(255) NOT NULL,
  `slug` varchar(255) NOT NULL,
  `is_active` tinyint(1) NOT NULL DEFAULT 1,
  `created_at` timestamp NULL DEFAULT NULL,
  `updated_at` timestamp NULL DEFAULT NULL,
  `deleted_at` timestamp NULL DEFAULT NULL,
  `category_image` varchar(255) DEFAULT 'default-image.jpg'
) ENGINE=InnoDB DEFAULT CHARSET=utf8mb4 COLLATE=utf8mb4_unicode_ci;

--
-- Dumping data for table `categories`
--

INSERT INTO `categories` (`id`, `title`, `slug`, `is_active`, `created_at`, `updated_at`, `deleted_at`, `category_image`) VALUES
(1, 'Honey', 'honey', 1, '2023-11-29 13:40:41', '2023-12-02 08:00:20', NULL, '1.jpg'),
(2, 'Natural Oil', 'natural-oil', 1, '2023-11-29 13:40:41', '2023-12-02 08:00:56', '2023-12-02 08:00:56', '2.jpg'),
(3, 'Nuts', 'nuts', 1, '2023-11-29 13:40:41', '2023-12-02 07:15:51', NULL, '3.jpg'),
(4, 'Coconut', 'coconut', 1, '2023-11-29 13:40:41', '2023-12-02 07:15:17', NULL, '4.jpg'),
(5, 'Butter', 'butter', 1, '2023-11-29 13:40:41', '2023-12-02 07:15:37', NULL, '5.jpg'),
(6, 'Sunflower oil', 'sunflower-oil', 1, '2023-12-02 07:17:19', '2023-12-02 07:37:47', '2023-12-02 07:37:47', '6.jpg'),
(7, 'Modhu', 'modhu', 1, '2023-12-02 08:11:48', '2023-12-02 08:11:49', NULL, '7.jpg');

-- --------------------------------------------------------

--
-- Table structure for table `coupons`
--

CREATE TABLE `coupons` (
  `id` bigint(20) UNSIGNED NOT NULL,
  `coupon_name` varchar(255) NOT NULL,
  `discount_amount` smallint(5) UNSIGNED NOT NULL DEFAULT 0,
  `minimum_purchase_amount` int(10) UNSIGNED NOT NULL DEFAULT 0,
  `validity_till` date NOT NULL,
  `is_active` tinyint(1) NOT NULL DEFAULT 1,
  `created_at` timestamp NULL DEFAULT NULL,
  `updated_at` timestamp NULL DEFAULT NULL,
  `deleted_at` timestamp NULL DEFAULT NULL
) ENGINE=InnoDB DEFAULT CHARSET=utf8mb4 COLLATE=utf8mb4_unicode_ci;

--
-- Dumping data for table `coupons`
--

INSERT INTO `coupons` (`id`, `coupon_name`, `discount_amount`, `minimum_purchase_amount`, `validity_till`, `is_active`, `created_at`, `updated_at`, `deleted_at`) VALUES
(1, 'aug15', 15, 15, '2023-12-07', 1, '2023-11-30 04:07:33', '2023-11-30 04:07:33', NULL),
(2, 'sep', 50, 10, '2023-12-09', 1, '2023-11-30 06:43:01', '2023-11-30 06:43:01', NULL),
(3, 'jan', 50, 10, '2024-01-10', 1, '2023-11-30 09:43:45', '2023-11-30 09:43:45', NULL),
(4, 'jan15', 50, 100, '2024-01-19', 1, '2023-12-02 06:30:00', '2023-12-02 06:30:00', NULL),
(5, 'feb20', 20, 100, '2024-02-07', 1, '2023-12-02 07:19:13', '2023-12-02 07:19:13', NULL);

-- --------------------------------------------------------

--
-- Table structure for table `districts`
--

CREATE TABLE `districts` (
  `id` int(2) NOT NULL,
  `division_id` int(1) NOT NULL,
  `name` varchar(25) NOT NULL,
  `bn_name` varchar(25) NOT NULL,
  `lat` varchar(15) DEFAULT NULL,
  `lon` varchar(15) DEFAULT NULL,
  `url` varchar(50) NOT NULL
) ENGINE=InnoDB DEFAULT CHARSET=utf8mb4 COLLATE=utf8mb4_general_ci;

--
-- Dumping data for table `districts`
--

INSERT INTO `districts` (`id`, `division_id`, `name`, `bn_name`, `lat`, `lon`, `url`) VALUES
(1, 1, 'Comilla', 'কুমিল্লা', '23.4682747', '91.1788135', 'www.comilla.gov.bd'),
(2, 1, 'Feni', 'ফেনী', '23.023231', '91.3840844', 'www.feni.gov.bd'),
(3, 1, 'Brahmanbaria', 'ব্রাহ্মণবাড়িয়া', '23.9570904', '91.1119286', 'www.brahmanbaria.gov.bd'),
(4, 1, 'Rangamati', 'রাঙ্গামাটি', '22.65561018', '92.17541121', 'www.rangamati.gov.bd'),
(5, 1, 'Noakhali', 'নোয়াখালী', '22.869563', '91.099398', 'www.noakhali.gov.bd'),
(6, 1, 'Chandpur', 'চাঁদপুর', '23.2332585', '90.6712912', 'www.chandpur.gov.bd'),
(7, 1, 'Lakshmipur', 'লক্ষ্মীপুর', '22.942477', '90.841184', 'www.lakshmipur.gov.bd'),
(8, 1, 'Chattogram', 'চট্টগ্রাম', '22.335109', '91.834073', 'www.chittagong.gov.bd'),
(9, 1, 'Coxsbazar', 'কক্সবাজার', '21.44315751', '91.97381741', 'www.coxsbazar.gov.bd'),
(10, 1, 'Khagrachhari', 'খাগড়াছড়ি', '23.119285', '91.984663', 'www.khagrachhari.gov.bd'),
(11, 1, 'Bandarban', 'বান্দরবান', '22.1953275', '92.2183773', 'www.bandarban.gov.bd'),
(12, 2, 'Sirajganj', 'সিরাজগঞ্জ', '24.4533978', '89.7006815', 'www.sirajganj.gov.bd'),
(13, 2, 'Pabna', 'পাবনা', '23.998524', '89.233645', 'www.pabna.gov.bd'),
(14, 2, 'Bogura', 'বগুড়া', '24.8465228', '89.377755', 'www.bogra.gov.bd'),
(15, 2, 'Rajshahi', 'রাজশাহী', '24.37230298', '88.56307623', 'www.rajshahi.gov.bd'),
(16, 2, 'Natore', 'নাটোর', '24.420556', '89.000282', 'www.natore.gov.bd'),
(17, 2, 'Joypurhat', 'জয়পুরহাট', '25.09636876', '89.04004280', 'www.joypurhat.gov.bd'),
(18, 2, 'Chapainawabganj', 'চাঁপাইনবাবগঞ্জ', '24.5965034', '88.2775122', 'www.chapainawabganj.gov.bd'),
(19, 2, 'Naogaon', 'নওগাঁ', '24.83256191', '88.92485205', 'www.naogaon.gov.bd'),
(20, 3, 'Jashore', 'যশোর', '23.16643', '89.2081126', 'www.jessore.gov.bd'),
(21, 3, 'Satkhira', 'সাতক্ষীরা', NULL, NULL, 'www.satkhira.gov.bd'),
(22, 3, 'Meherpur', 'মেহেরপুর', '23.762213', '88.631821', 'www.meherpur.gov.bd'),
(23, 3, 'Narail', 'নড়াইল', '23.172534', '89.512672', 'www.narail.gov.bd'),
(24, 3, 'Chuadanga', 'চুয়াডাঙ্গা', '23.6401961', '88.841841', 'www.chuadanga.gov.bd'),
(25, 3, 'Kushtia', 'কুষ্টিয়া', '23.901258', '89.120482', 'www.kushtia.gov.bd'),
(26, 3, 'Magura', 'মাগুরা', '23.487337', '89.419956', 'www.magura.gov.bd'),
(27, 3, 'Khulna', 'খুলনা', '22.815774', '89.568679', 'www.khulna.gov.bd'),
(28, 3, 'Bagerhat', 'বাগেরহাট', '22.651568', '89.785938', 'www.bagerhat.gov.bd'),
(29, 3, 'Jhenaidah', 'ঝিনাইদহ', '23.5448176', '89.1539213', 'www.jhenaidah.gov.bd'),
(30, 4, 'Jhalakathi', 'ঝালকাঠি', NULL, NULL, 'www.jhalakathi.gov.bd'),
(31, 4, 'Patuakhali', 'পটুয়াখালী', '22.3596316', '90.3298712', 'www.patuakhali.gov.bd'),
(32, 4, 'Pirojpur', 'পিরোজপুর', NULL, NULL, 'www.pirojpur.gov.bd'),
(33, 4, 'Barisal', 'বরিশাল', NULL, NULL, 'www.barisal.gov.bd'),
(34, 4, 'Bhola', 'ভোলা', '22.685923', '90.648179', 'www.bhola.gov.bd'),
(35, 4, 'Barguna', 'বরগুনা', NULL, NULL, 'www.barguna.gov.bd'),
(36, 5, 'Sylhet', 'সিলেট', '24.8897956', '91.8697894', 'www.sylhet.gov.bd'),
(37, 5, 'Moulvibazar', 'মৌলভীবাজার', '24.482934', '91.777417', 'www.moulvibazar.gov.bd'),
(38, 5, 'Habiganj', 'হবিগঞ্জ', '24.374945', '91.41553', 'www.habiganj.gov.bd'),
(39, 5, 'Sunamganj', 'সুনামগঞ্জ', '25.0658042', '91.3950115', 'www.sunamganj.gov.bd'),
(40, 6, 'Narsingdi', 'নরসিংদী', '23.932233', '90.71541', 'www.narsingdi.gov.bd'),
(41, 6, 'Gazipur', 'গাজীপুর', '24.0022858', '90.4264283', 'www.gazipur.gov.bd'),
(42, 6, 'Shariatpur', 'শরীয়তপুর', NULL, NULL, 'www.shariatpur.gov.bd'),
(43, 6, 'Narayanganj', 'নারায়ণগঞ্জ', '23.63366', '90.496482', 'www.narayanganj.gov.bd'),
(44, 6, 'Tangail', 'টাঙ্গাইল', '24.26361358', '89.91794786', 'www.tangail.gov.bd'),
(45, 6, 'Kishoreganj', 'কিশোরগঞ্জ', '24.444937', '90.776575', 'www.kishoreganj.gov.bd'),
(46, 6, 'Manikganj', 'মানিকগঞ্জ', NULL, NULL, 'www.manikganj.gov.bd'),
(47, 6, 'Dhaka', 'ঢাকা', '23.7115253', '90.4111451', 'www.dhaka.gov.bd'),
(48, 6, 'Munshiganj', 'মুন্সিগঞ্জ', NULL, NULL, 'www.munshiganj.gov.bd'),
(49, 6, 'Rajbari', 'রাজবাড়ী', '23.7574305', '89.6444665', 'www.rajbari.gov.bd'),
(50, 6, 'Madaripur', 'মাদারীপুর', '23.164102', '90.1896805', 'www.madaripur.gov.bd'),
(51, 6, 'Gopalganj', 'গোপালগঞ্জ', '23.0050857', '89.8266059', 'www.gopalganj.gov.bd'),
(52, 6, 'Faridpur', 'ফরিদপুর', '23.6070822', '89.8429406', 'www.faridpur.gov.bd'),
(53, 7, 'Panchagarh', 'পঞ্চগড়', '26.3411', '88.5541606', 'www.panchagarh.gov.bd'),
(54, 7, 'Dinajpur', 'দিনাজপুর', '25.6217061', '88.6354504', 'www.dinajpur.gov.bd'),
(55, 7, 'Lalmonirhat', 'লালমনিরহাট', NULL, NULL, 'www.lalmonirhat.gov.bd'),
(56, 7, 'Nilphamari', 'নীলফামারী', '25.931794', '88.856006', 'www.nilphamari.gov.bd'),
(57, 7, 'Gaibandha', 'গাইবান্ধা', '25.328751', '89.528088', 'www.gaibandha.gov.bd'),
(58, 7, 'Thakurgaon', 'ঠাকুরগাঁও', '26.0336945', '88.4616834', 'www.thakurgaon.gov.bd'),
(59, 7, 'Rangpur', 'রংপুর', '25.7558096', '89.244462', 'www.rangpur.gov.bd'),
(60, 7, 'Kurigram', 'কুড়িগ্রাম', '25.805445', '89.636174', 'www.kurigram.gov.bd'),
(61, 8, 'Sherpur', 'শেরপুর', '25.0204933', '90.0152966', 'www.sherpur.gov.bd'),
(62, 8, 'Mymensingh', 'ময়মনসিংহ', '24.7465670', '90.4072093', 'www.mymensingh.gov.bd'),
(63, 8, 'Jamalpur', 'জামালপুর', '24.937533', '89.937775', 'www.jamalpur.gov.bd'),
(64, 8, 'Netrokona', 'নেত্রকোণা', '24.870955', '90.727887', 'www.netrokona.gov.bd');

-- --------------------------------------------------------

--
-- Table structure for table `divisions`
--

CREATE TABLE `divisions` (
  `id` int(1) NOT NULL,
  `name` varchar(25) NOT NULL,
  `bn_name` varchar(25) NOT NULL,
  `url` varchar(50) NOT NULL
) ENGINE=InnoDB DEFAULT CHARSET=utf8 COLLATE=utf8_general_ci;

--
-- Dumping data for table `divisions`
--

INSERT INTO `divisions` (`id`, `name`, `bn_name`, `url`) VALUES
(1, 'Chattagram', 'চট্টগ্রাম', 'www.chittagongdiv.gov.bd'),
(2, 'Rajshahi', 'রাজশাহী', 'www.rajshahidiv.gov.bd'),
(3, 'Khulna', 'খুলনা', 'www.khulnadiv.gov.bd'),
(4, 'Barisal', 'বরিশাল', 'www.barisaldiv.gov.bd'),
(5, 'Sylhet', 'সিলেট', 'www.sylhetdiv.gov.bd'),
(6, 'Dhaka', 'ঢাকা', 'www.dhakadiv.gov.bd'),
(7, 'Rangpur', 'রংপুর', 'www.rangpurdiv.gov.bd'),
(8, 'Mymensingh', 'ময়মনসিংহ', 'www.mymensinghdiv.gov.bd');

-- --------------------------------------------------------

--
-- Table structure for table `failed_jobs`
--

CREATE TABLE `failed_jobs` (
  `id` bigint(20) UNSIGNED NOT NULL,
  `uuid` varchar(255) NOT NULL,
  `connection` text NOT NULL,
  `queue` text NOT NULL,
  `payload` longtext NOT NULL,
  `exception` longtext NOT NULL,
  `failed_at` timestamp NOT NULL DEFAULT current_timestamp()
) ENGINE=InnoDB DEFAULT CHARSET=utf8mb4 COLLATE=utf8mb4_unicode_ci;

-- --------------------------------------------------------

--
-- Table structure for table `migrations`
--

CREATE TABLE `migrations` (
  `id` int(10) UNSIGNED NOT NULL,
  `migration` varchar(255) NOT NULL,
  `batch` int(11) NOT NULL
) ENGINE=InnoDB DEFAULT CHARSET=utf8mb4 COLLATE=utf8mb4_unicode_ci;

--
-- Dumping data for table `migrations`
--

INSERT INTO `migrations` (`id`, `migration`, `batch`) VALUES
(1, '2014_10_12_000000_create_users_table', 1),
(2, '2014_10_12_100000_create_password_reset_tokens_table', 1),
(3, '2019_08_19_000000_create_failed_jobs_table', 1),
(4, '2019_12_14_000001_create_personal_access_tokens_table', 1),
(5, '2023_11_26_113129_create_categories_table', 1),
(6, '2023_11_26_195602_create_testimonials_table', 1),
(7, '2023_11_27_145417_add_category_image_in_categories_table', 1),
(8, '2023_11_27_191630_create_products_table', 1),
(9, '2023_11_28_095105_create_product_images_table', 1),
(10, '2023_11_29_131306_create_coupons_table', 1),
(11, '2023_11_30_193526_create_order_details_table', 2),
(12, '2023_11_30_193536_create_billings_table', 3);

-- --------------------------------------------------------

--
-- Table structure for table `orders`
--

CREATE TABLE `orders` (
  `id` bigint(20) UNSIGNED NOT NULL,
  `user_id` bigint(20) UNSIGNED NOT NULL,
  `billing_id` bigint(20) UNSIGNED NOT NULL,
  `sub_total` int(10) UNSIGNED NOT NULL,
  `discount_amount` int(10) UNSIGNED NOT NULL DEFAULT 0,
  `coupon_name` varchar(255) DEFAULT NULL,
  `total` int(10) UNSIGNED NOT NULL,
  `created_at` timestamp NULL DEFAULT NULL,
  `updated_at` timestamp NULL DEFAULT NULL,
  `deleted_at` timestamp NULL DEFAULT NULL
) ENGINE=InnoDB DEFAULT CHARSET=utf8mb4 COLLATE=utf8mb4_unicode_ci;

--
-- Dumping data for table `orders`
--

INSERT INTO `orders` (`id`, `user_id`, `billing_id`, `sub_total`, `discount_amount`, `coupon_name`, `total`, `created_at`, `updated_at`, `deleted_at`) VALUES
(1, 2, 1, 6344, 3172, 'sep', 3172, '2022-11-30 15:21:56', '2023-11-30 15:21:56', NULL),
(2, 2, 2, 6344, 0, '', 6344, '2023-11-30 15:23:04', '2023-11-30 15:23:04', NULL),
(3, 2, 3, 9414, 0, '', 9414, '2021-11-30 15:32:09', '2023-11-30 15:32:09', NULL),
(4, 2, 4, 6570, 0, '', 6570, '2023-11-30 18:05:54', '2023-11-30 18:05:54', NULL),
(5, 2, 5, 28204, 14102, 'sep', 14102, '2023-12-01 05:56:57', '2023-12-01 05:56:57', NULL),
(6, 3, 6, 15294, 7647, 'sep', 7647, '2023-12-02 07:07:57', '2023-12-02 07:07:57', NULL);

-- --------------------------------------------------------

--
-- Table structure for table `order_details`
--

CREATE TABLE `order_details` (
  `id` bigint(20) UNSIGNED NOT NULL,
  `order_id` bigint(20) UNSIGNED NOT NULL,
  `user_id` bigint(20) UNSIGNED NOT NULL,
  `product_id` bigint(20) UNSIGNED NOT NULL,
  `product_qty` int(10) UNSIGNED NOT NULL,
  `product_price` int(10) UNSIGNED NOT NULL,
  `created_at` timestamp NULL DEFAULT NULL,
  `updated_at` timestamp NULL DEFAULT NULL,
  `deleted_at` timestamp NULL DEFAULT NULL
) ENGINE=InnoDB DEFAULT CHARSET=utf8mb4 COLLATE=utf8mb4_unicode_ci;

--
-- Dumping data for table `order_details`
--

INSERT INTO `order_details` (`id`, `order_id`, `user_id`, `product_id`, `product_qty`, `product_price`, `created_at`, `updated_at`, `deleted_at`) VALUES
(1, 1, 2, 19, 1, 6344, '2023-11-30 15:21:56', '2023-11-30 15:21:56', NULL),
(2, 2, 2, 19, 1, 6344, '2023-11-30 15:23:04', '2023-11-30 15:23:04', NULL),
(3, 3, 2, 11, 1, 9414, '2023-11-30 15:32:09', '2023-11-30 15:32:09', NULL),
(4, 4, 2, 20, 1, 6570, '2023-11-30 18:05:54', '2023-11-30 18:05:54', NULL),
(5, 5, 2, 19, 3, 6344, '2023-12-01 05:56:57', '2023-12-01 05:56:57', NULL),
(6, 5, 2, 3, 2, 2606, '2023-12-01 05:56:57', '2023-12-01 05:56:57', NULL),
(7, 5, 2, 2, 2, 1980, '2023-12-01 05:56:57', '2023-12-01 05:56:57', NULL),
(8, 6, 3, 19, 2, 6344, '2023-12-02 07:07:57', '2023-12-02 07:07:57', NULL),
(9, 6, 3, 3, 1, 2606, '2023-12-02 07:07:57', '2023-12-02 07:07:57', NULL);

-- --------------------------------------------------------

--
-- Table structure for table `password_reset_tokens`
--

CREATE TABLE `password_reset_tokens` (
  `email` varchar(255) NOT NULL,
  `token` varchar(255) NOT NULL,
  `created_at` timestamp NULL DEFAULT NULL
) ENGINE=InnoDB DEFAULT CHARSET=utf8mb4 COLLATE=utf8mb4_unicode_ci;

-- --------------------------------------------------------

--
-- Table structure for table `personal_access_tokens`
--

CREATE TABLE `personal_access_tokens` (
  `id` bigint(20) UNSIGNED NOT NULL,
  `tokenable_type` varchar(255) NOT NULL,
  `tokenable_id` bigint(20) UNSIGNED NOT NULL,
  `name` varchar(255) NOT NULL,
  `token` varchar(64) NOT NULL,
  `abilities` text DEFAULT NULL,
  `last_used_at` timestamp NULL DEFAULT NULL,
  `expires_at` timestamp NULL DEFAULT NULL,
  `created_at` timestamp NULL DEFAULT NULL,
  `updated_at` timestamp NULL DEFAULT NULL
) ENGINE=InnoDB DEFAULT CHARSET=utf8mb4 COLLATE=utf8mb4_unicode_ci;

-- --------------------------------------------------------

--
-- Table structure for table `products`
--

CREATE TABLE `products` (
  `id` bigint(20) UNSIGNED NOT NULL,
  `category_id` bigint(20) UNSIGNED NOT NULL,
  `name` varchar(255) NOT NULL,
  `slug` varchar(255) NOT NULL,
  `product_code` varchar(255) NOT NULL,
  `product_price` mediumint(8) UNSIGNED NOT NULL DEFAULT 0,
  `product_stock` int(10) UNSIGNED NOT NULL DEFAULT 0,
  `alert_quantity` int(10) UNSIGNED NOT NULL DEFAULT 1,
  `short_description` longtext DEFAULT NULL,
  `long_description` longtext DEFAULT NULL,
  `additional_info` longtext DEFAULT NULL,
  `product_image` varchar(255) NOT NULL DEFAULT 'default_product.jpg',
  `product_rating` smallint(5) UNSIGNED DEFAULT 0,
  `is_active` tinyint(1) NOT NULL DEFAULT 1,
  `created_at` timestamp NULL DEFAULT NULL,
  `updated_at` timestamp NULL DEFAULT NULL,
  `deleted_at` timestamp NULL DEFAULT NULL
) ENGINE=InnoDB DEFAULT CHARSET=utf8mb4 COLLATE=utf8mb4_unicode_ci;

--
-- Dumping data for table `products`
--

INSERT INTO `products` (`id`, `category_id`, `name`, `slug`, `product_code`, `product_price`, `product_stock`, `alert_quantity`, `short_description`, `long_description`, `additional_info`, `product_image`, `product_rating`, `is_active`, `created_at`, `updated_at`, `deleted_at`) VALUES
(1, 4, 'Sit sed ducimus.', 'sit-sed-ducimus', '8170', 1631, 90, 6, 'Dolorem assumenda dolores eaque quia dolorem ex veniam. Aut culpa ab atque. Nesciunt est hic ut quia deleniti occaecati.', 'Quibusdam sint est veniam assumenda soluta quidem rem. Nemo quos unde cumque a. Aut dolor aut iste. Eaque neque eos atque ipsum ea nostrum recusandae. Voluptas molestiae quibusdam quaerat ipsam distinctio velit.', 'Ad velit illum distinctio sed. Doloremque tempore necessitatibus nisi magnam adipisci ipsum.', '1.jpg', 3, 1, '2023-11-29 13:40:42', '2023-12-02 08:11:04', NULL),
(2, 1, 'Assumenda consectetur.', 'assumenda-consectetur', '2318', 1980, 5, 10, 'Temporibus id nam ipsam. Omnis deleniti ad amet ad. Placeat nostrum autem consequatur aliquam qui. Consequatur amet ipsam mollitia quo. Et porro provident aut ab.', 'Repudiandae placeat nam quod nemo. Atque nobis amet quae. Sed nesciunt repellat est blanditiis molestiae repellat ea. Debitis vitae ea voluptatibus harum aut. Ut rerum mollitia enim amet alias. Quibusdam quas sed veniam velit nemo. Qui commodi quo quod ut. Repellat vero accusamus sint aut.', 'Mollitia id quo quis fugit quibusdam repellat. Optio voluptatibus quaerat id ducimus beatae quo.', '2.jpg', 5, 1, '2023-11-29 13:40:42', '2023-12-02 08:09:15', NULL),
(3, 3, 'Magni a.', 'magni-a', '5319', 2606, 42, 9, 'Modi sapiente odit velit numquam. Aliquam nisi voluptas voluptas. Ea dicta qui architecto autem. Rem nesciunt cumque neque dolorem sapiente. Aspernatur aliquam tempore eum quia accusantium.', 'Non recusandae in repellat non officiis eum. Quasi rerum voluptas aliquam nostrum aperiam esse. Qui impedit non quasi est veniam. Earum omnis earum natus cum consectetur est voluptatibus.', 'Recusandae et quo est at. At aliquam assumenda explicabo eaque modi.', '3.jpg', 1, 1, '2023-11-29 13:40:42', '2023-12-02 08:06:55', NULL),
(4, 4, 'Enim iusto et.', 'enim-iusto-et', '7536', 6118, 55, 3, 'Et tempora adipisci necessitatibus architecto rerum quidem hic. Accusamus est voluptatem recusandae illo maiores quia eum quaerat. Ut vitae ea voluptas sed ipsa rerum quod. Rerum hic maiores voluptas ipsum sit sint quasi rem.', 'Sunt necessitatibus eum quas voluptatum repellat aut. Asperiores praesentium quis aut voluptatum. Dolor et et adipisci rerum harum nemo. Similique debitis omnis optio eos perspiciatis facilis doloribus. Labore quod aperiam debitis. Velit hic facere et. Corrupti voluptate suscipit dolorem occaecati dolores reiciendis ex.', 'Sapiente quas ducimus sed ex blanditiis vel nobis. Nihil nisi culpa neque.', '4.jpg', 1, 1, '2023-11-29 13:40:42', '2023-12-02 08:09:58', NULL),
(5, 3, 'Sed nostrum quos.', 'sed-nostrum-quos', '1448', 3620, 13, 9, 'Sit perspiciatis et aut consequatur odit. Qui ea ipsam et consequatur.', 'Temporibus ea hic ducimus ipsam ut voluptatem. Eius eveniet laboriosam rem recusandae voluptatem eos. Beatae ab non consectetur. Iure accusantium quos est consequatur illum qui officia nihil. Quia atque architecto aut at ipsum fuga eligendi. Dolor officia natus quam corrupti ipsum ad architecto. Ipsa omnis consequuntur quas dolor ullam rerum. Sapiente aut et qui perferendis autem aut.', 'Dicta magnam beatae doloremque consectetur qui. Ut aperiam iusto vel expedita culpa quisquam. Tenetur modi error iusto ad porro molestias consequatur nulla.', '5.jpg', 0, 1, '2023-11-29 13:40:42', '2023-12-02 08:06:40', NULL),
(6, 5, 'Earum quibusdam.', 'earum-quibusdam', '1968', 6604, 8, 10, 'Provident commodi ut assumenda ratione. Sed laborum ea sint iste quam assumenda illo. Sed deserunt nulla expedita ut rem autem inventore. Reiciendis qui nostrum ut voluptatum beatae. Quis pariatur natus iusto laudantium.', 'Voluptas reprehenderit sint odio aut dolores ut. Doloremque labore magni ut temporibus aut. Odit ut accusantium officia ducimus cumque. Voluptate et quibusdam quas officiis voluptatem doloribus. Sit occaecati ullam deleniti.', 'Voluptatem repellendus sequi veritatis autem eaque sit fuga error. Ipsam ut sapiente soluta quia.', '6.jpg', 0, 1, '2023-11-29 13:40:42', '2023-12-02 08:06:22', NULL),
(7, 2, 'Quod quis est.', 'quod-quis-est', '2932', 9746, 53, 8, 'Facere voluptas laudantium dolores optio tempore ea debitis. Dolorem sint harum illo eos ea. Atque atque id sed debitis perferendis optio ut. Enim deserunt odio sed repudiandae molestias.', 'Sit voluptate non cumque vero. Non ea quia officia in impedit nobis. Ducimus omnis ad deserunt quo praesentium sed rerum accusantium. Eius qui sunt dolorum ea sit commodi harum. Ut vel esse aliquid beatae.', 'Repudiandae enim quis est. Aperiam pariatur est quos dolores aut. Dolorum non nostrum praesentium voluptas.', 'default_product.jpg', 3, 1, '2023-11-29 13:40:42', '2023-11-29 13:40:42', NULL),
(8, 3, 'Mollitia voluptate.', 'mollitia-voluptate', '1577', 7320, 70, 8, 'Ducimus minus ut deserunt aliquid. Amet ut necessitatibus et veritatis. Sint est esse velit quas perspiciatis praesentium consequatur. Praesentium illo expedita voluptatum ipsum eum nihil cumque.', 'Commodi incidunt quo repudiandae tempora excepturi aliquam ut ut. Aliquam porro occaecati voluptatum et libero doloribus occaecati. Qui necessitatibus suscipit sint quod sed. Aut dolorem culpa sint corrupti et optio. Nihil aliquam aut magnam. Magni id est et eveniet debitis tempora.', 'Non consequuntur laudantium deleniti est. Aut eum qui sed.', '8.jpg', 1, 1, '2023-11-29 13:40:42', '2023-12-02 08:10:44', NULL),
(9, 2, 'Vel iusto aut.', 'vel-iusto-aut', '4966', 4037, 81, 4, 'Autem quia nesciunt est ea. Est ullam totam fuga et voluptatum. Voluptatem ex doloribus nesciunt atque.', 'Consequuntur autem corporis omnis enim temporibus tempora. Et et fugiat excepturi rem. Accusantium vel eum voluptas commodi officia aut beatae sit. Illum culpa officiis fuga enim animi dolores. Animi repellat nihil ut et doloremque. Ab sit nulla explicabo non. Sunt accusantium velit temporibus voluptatem eveniet eum necessitatibus.', 'Cum eveniet dolores blanditiis alias quia ipsam. Quis quasi dolorem velit illo harum temporibus iure excepturi.', 'default_product.jpg', 5, 1, '2023-11-29 13:40:42', '2023-11-29 13:40:42', NULL),
(10, 2, 'Nulla et.', 'nulla-et', '1940', 6020, 62, 6, 'Eos est est autem est fuga. Occaecati dolorum qui eos omnis provident dolorum iusto. Deserunt officia dicta ipsa similique velit impedit.', 'Adipisci et ut dolor culpa asperiores. Officia sit sed repudiandae fugiat sint eum. Deleniti voluptas nam perspiciatis sed. Autem et reprehenderit delectus tempora. Sit illum corporis quae minima atque sapiente iure. Voluptatem nemo sed natus vero suscipit. Nemo in in voluptatem maiores. At sunt tempore mollitia ipsa beatae odit fugiat. Atque aspernatur veritatis consequuntur consequuntur deserunt autem dolorem.', 'Voluptatem nulla distinctio exercitationem odio est sit unde. Sed nisi est quia velit illo suscipit. Delectus reiciendis velit et officiis pariatur.', 'default_product.jpg', 0, 1, '2023-11-29 13:40:42', '2023-11-29 13:40:42', NULL),
(11, 1, 'Et quidem voluptas.', 'et-quidem-voluptas', '8519', 9414, 81, 4, 'Perspiciatis sed iste dolor cupiditate ipsam laborum quasi. Magni eaque architecto rerum facere et id provident. Mollitia voluptas sunt non delectus consectetur.', 'Maiores possimus molestiae est omnis nam. Architecto sed eligendi quia deserunt. Pariatur aut quia veritatis ea incidunt nisi. Aspernatur inventore animi dolorem voluptas quam nam perferendis. Magni dolores autem porro.', 'Quibusdam dicta dolorem error ea quis dolor at sunt. Exercitationem incidunt et id sunt.', 'default_product.jpg', 5, 1, '2023-11-29 13:40:42', '2023-12-02 07:32:38', '2023-12-02 07:32:38'),
(12, 2, 'Natus eius consequuntur.', 'natus-eius-consequuntur', '1963', 3577, 92, 9, 'Amet nihil accusamus veniam et quidem tenetur modi. Dolorum assumenda ut cumque accusantium unde velit. Vitae quaerat aliquid fuga quo aut dolores ut facere. Ea esse architecto aliquid.', 'Cum error id qui eos. Hic cupiditate quas consequatur harum. Quos deserunt dolores asperiores quis. Fuga quas magnam tempore qui voluptas. Nesciunt est nesciunt sed vitae neque rerum. Veniam rerum omnis sint cumque. Veritatis odit ipsum dolores vel.', 'Accusamus voluptates cum hic non rerum autem. Eos eum quo inventore natus sed iste.', 'default_product.jpg', 4, 1, '2023-11-29 13:40:42', '2023-11-29 13:40:42', NULL),
(13, 1, 'Temporibus et.', 'temporibus-et', '6599', 9611, 41, 8, 'Quasi error earum molestias expedita. Odit adipisci quia et eveniet maiores sit fuga. Dolore quasi consectetur aperiam non. Quia nesciunt et recusandae voluptatem.', 'Consequatur qui repellendus dolorem quis. Accusantium deleniti iusto numquam similique. Recusandae quasi est dolorem ut in vero aut. Quo voluptatem doloremque quia unde voluptatem laborum sed.', 'Ipsum et et aut rerum eum quos optio repudiandae. Nisi velit quis ratione enim enim ratione. Ad repellendus quis nobis similique.', '13.jpg', 4, 1, '2023-11-29 13:40:42', '2023-12-02 08:10:15', NULL),
(14, 3, 'Accusantium eius enim.', 'accusantium-eius-enim', '7848', 2581, 19, 6, 'Nihil non ex est vero est. Porro a sunt ut placeat ad. Earum eum atque vel nam doloribus.', 'Qui aut aut excepturi excepturi. Fugiat ut aut ipsam accusamus. Blanditiis quia iusto sed officia quae beatae. Quisquam aliquam ut suscipit eveniet sapiente.', 'Laudantium veniam placeat perferendis porro dolor dolorum ut at. Autem distinctio impedit omnis cum nemo.', '14.jpg', 5, 1, '2023-11-29 13:40:42', '2023-12-02 08:06:07', NULL),
(15, 2, 'Aut qui.', 'aut-qui', '5398', 8347, 60, 2, 'Et quas quo corrupti nam. Nostrum occaecati nostrum cupiditate sequi. Nemo facilis suscipit minus assumenda ut.', 'Quisquam iure qui placeat facere. Laborum facere consequatur voluptatum distinctio atque numquam. Id recusandae aut rerum in est aperiam. Porro deserunt tempore quod consectetur. Ipsa expedita voluptatum eius vitae et quidem. Aut commodi dolorem ab ut qui dolor. Rerum quam rerum saepe sunt consequatur. Reprehenderit tempora repellat cumque nihil et debitis.', 'Et facilis porro consectetur officiis molestiae eligendi sed. Et asperiores molestiae ut.', 'default_product.jpg', 4, 1, '2023-11-29 13:40:42', '2023-11-29 13:40:42', NULL),
(16, 5, 'Qui tempore ut.', 'qui-tempore-ut', '8713', 9223, 89, 3, 'Omnis at vel magni numquam iste libero iusto. Dignissimos fugiat illum cumque et vel fugiat in. Laudantium aliquam saepe nihil optio et. Voluptatem dolores doloremque eveniet laboriosam velit.', 'Et nesciunt hic veritatis corporis doloribus officiis dolor. Id optio animi odio et consequatur excepturi eaque. Dolorem veniam nisi est dolores est iure. Repellendus in consequatur velit eum aut voluptas. Incidunt deleniti exercitationem porro aliquid qui exercitationem omnis. Cum et est illo omnis ut quia. Neque sed et qui excepturi aut aut.', 'Veniam veritatis aliquam amet voluptatem et est. Velit sed adipisci consequatur fugit voluptatem vitae fugit. Consequuntur ad molestias rerum vel accusantium.', '16.jpg', 0, 1, '2023-11-29 13:40:42', '2023-12-02 08:09:43', NULL),
(17, 5, 'Laborum amet.', 'laborum-amet', '6862', 5686, 65, 9, 'Officiis iure quae consequatur fuga odio quibusdam ea deserunt. Quis consequatur quasi qui. Earum ex aspernatur recusandae necessitatibus qui alias.', 'Qui unde reprehenderit sed delectus qui magni ex non. Consequatur sit assumenda ratione qui doloremque animi sed. Incidunt et accusantium culpa aut. Quia sunt iure tenetur accusamus velit itaque. Quas perferendis aut officiis ut qui vel. Eos sunt adipisci a qui eius. Enim maiores sed nesciunt iusto deleniti. Laborum et assumenda qui perspiciatis commodi optio sint.', 'Possimus animi sint molestiae reprehenderit provident ad eos omnis. Reprehenderit error similique officiis rerum. Placeat aspernatur est eligendi enim in quia magni.', '17.jpg', 4, 1, '2023-11-29 13:40:42', '2023-12-02 08:08:57', '2023-12-02 08:08:57'),
(18, 2, 'Earum modi cum.', 'earum-modi-cum', '9917', 6071, 26, 4, 'Facere aliquam culpa consequatur quia quisquam non et. Et repellat earum et distinctio quasi. Voluptatem fugit qui ut quaerat. Laborum et ad sint amet.', 'Natus voluptas ab labore vitae eos. Tenetur dolorum aut dolorem facere dicta. Facere totam ab illum voluptatum odio nesciunt ut. Vel dolorum placeat molestiae voluptatum fugit nemo vero. Placeat voluptas aut at quaerat qui.', 'Quia voluptatibus eos architecto et ea dolorem. Minus ut consectetur eveniet quas eligendi. Architecto libero possimus consequatur harum sint.', 'default_product.jpg', 0, 1, '2023-11-29 13:40:42', '2023-11-29 13:40:42', NULL),
(19, 2, 'Dolorem veritatis est.', 'dolorem-veritatis-est', '835', 6344, 91, 7, 'Et tenetur et amet in hic cumque. Quaerat earum id reprehenderit et. Vero dolorem sed similique laborum non vitae. Omnis eum iusto optio. Molestiae mollitia illo saepe beatae a.', 'Minima eligendi et quia minus ut magnam. Aliquid tempora mollitia sed nobis aut. Ullam quaerat quisquam in ut et blanditiis labore. Repellendus quia ea officiis repudiandae. Est id aut sit possimus suscipit enim ducimus. Provident sunt hic iste earum asperiores eaque harum. Et rerum rerum atque quo eum est et deserunt. Perferendis nemo ut maiores sit eos.', 'Est iusto voluptas nostrum impedit. Et molestias sed voluptas in.', 'default_product.jpg', 1, 1, '2023-11-29 13:40:42', '2023-12-02 07:07:57', NULL),
(20, 3, 'Voluptatem debitis nisi.', 'voluptatem-debitis-nisi', '2429', 6570, 9, 7, 'Quod cupiditate nostrum harum ut nemo aut suscipit. Odit quas voluptatem libero sunt. Nesciunt voluptatem dolorem deserunt ut suscipit. Quas voluptas ipsum quibusdam nostrum voluptatem.', 'Sapiente animi provident corporis. Eveniet deleniti delectus sit distinctio. Incidunt id voluptatem odio dolores aut quos. Est aut qui nostrum possimus hic aut. Labore nam non deleniti dicta ab dolores.', 'Molestiae dolorum dolorem et occaecati. Eveniet doloribus occaecati eum aliquid.', '20.jpg', 5, 1, '2023-11-29 13:40:42', '2023-12-02 07:37:06', NULL),
(21, 6, 'Baker Zimmerman', 'baker-zimmerman', 'Repellendus Quia du', 121, 9, 247, 'Optio commodi et of', 'Ea dolorem eum quide', 'Duis explicabo Lore', '21.jpg', 0, 1, '2023-12-02 07:36:38', '2023-12-02 07:36:38', NULL),
(22, 4, 'Sophia Walker', 'sophia-walker', 'Quibusdam sit ut mo', 581, 23, 305, 'Reprehenderit labor', 'Voluptas voluptatibu', 'Adipisci esse eius f', '22.jpg', 0, 1, '2023-12-02 08:02:03', '2023-12-02 08:02:03', NULL);

-- --------------------------------------------------------

--
-- Table structure for table `product_images`
--

CREATE TABLE `product_images` (
  `id` bigint(20) UNSIGNED NOT NULL,
  `product_id` bigint(20) UNSIGNED NOT NULL,
  `product_multiple_image` varchar(255) NOT NULL,
  `created_at` timestamp NULL DEFAULT NULL,
  `updated_at` timestamp NULL DEFAULT NULL
) ENGINE=InnoDB DEFAULT CHARSET=utf8mb4 COLLATE=utf8mb4_unicode_ci;

--
-- Dumping data for table `product_images`
--

INSERT INTO `product_images` (`id`, `product_id`, `product_multiple_image`, `created_at`, `updated_at`) VALUES
(1, 21, '21-1.jpg', '2023-12-02 07:36:38', '2023-12-02 07:36:38'),
(2, 21, '21-2.jpg', '2023-12-02 07:36:39', '2023-12-02 07:36:39'),
(3, 22, '22-1.jpg', '2023-12-02 08:02:04', '2023-12-02 08:02:04'),
(4, 22, '22-2.jpg', '2023-12-02 08:02:04', '2023-12-02 08:02:04');

-- --------------------------------------------------------

--
-- Table structure for table `testimonials`
--

CREATE TABLE `testimonials` (
  `id` bigint(20) UNSIGNED NOT NULL,
  `client_name` varchar(255) NOT NULL,
  `client_name_slug` varchar(255) NOT NULL,
  `client_designation` varchar(255) NOT NULL,
  `client_message` longtext NOT NULL,
  `client_image` varchar(255) DEFAULT 'default-client.jpg',
  `is_active` tinyint(1) NOT NULL DEFAULT 1,
  `created_at` timestamp NULL DEFAULT NULL,
  `updated_at` timestamp NULL DEFAULT NULL,
  `deleted_at` timestamp NULL DEFAULT NULL
) ENGINE=InnoDB DEFAULT CHARSET=utf8mb4 COLLATE=utf8mb4_unicode_ci;

--
-- Dumping data for table `testimonials`
--

INSERT INTO `testimonials` (`id`, `client_name`, `client_name_slug`, `client_designation`, `client_message`, `client_image`, `is_active`, `created_at`, `updated_at`, `deleted_at`) VALUES
(1, 'Dr. Mariela Kihn', 'dr-mariela-kihn', 'Occupational Therapist Assistant, Shields PLC', 'Delectus omnis aliquid nemo totam sunt reprehenderit. Ab et doloremque optio ut itaque libero expedita nulla. Odit aut autem unde exercitationem rerum.', 'default-client.jpg', 1, '2023-11-29 13:40:42', '2023-11-29 13:40:42', NULL),
(2, 'Chelsey Smith', 'chelsey-smith', 'Radio Mechanic, Heller, Kub and Mills', 'Aliquid non quia animi nisi et quia. Fugiat maxime error sed quia esse. Et rerum cum id neque fugit sed quidem. Velit dolores aut et tempore.', 'default-client.jpg', 1, '2023-11-29 13:40:42', '2023-11-29 13:40:42', NULL),
(3, 'Marcos Kub', 'marcos-kub', 'Respiratory Therapy Technician, Okuneva-Spencer', 'Iusto praesentium omnis et. Tenetur adipisci ab hic exercitationem tempora velit. Quasi exercitationem inventore qui possimus. Fugit dolore officiis corporis natus quia enim.', 'default-client.jpg', 1, '2023-11-29 13:40:42', '2023-11-29 13:40:42', NULL),
(4, 'Keeley Sauer', 'keeley-sauer', 'CEO, Hermiston Ltd', 'Dolorum laborum maxime suscipit rerum delectus provident. Dolore voluptatem cum vero repellendus et ea. Nemo deleniti sit nulla maxime doloremque aut hic cupiditate. Magni modi itaque repudiandae provident labore ad et.', 'default-client.jpg', 1, '2023-11-29 13:40:42', '2023-11-29 13:40:42', NULL),
(5, 'Miss Sasha Wyman', 'miss-sasha-wyman', 'Market Research Analyst, Balistreri LLC', 'Soluta saepe vel quam nemo alias odio commodi placeat. Sapiente non laboriosam sapiente ad nam ut error. Corporis eligendi dolorem aperiam sunt id amet modi voluptatem. Dolor ut molestiae earum pariatur voluptatibus velit odit impedit.', 'default-client.jpg', 1, '2023-11-29 13:40:42', '2023-11-29 13:40:42', NULL),
(6, 'Samantha Maggio', 'samantha-maggio', 'Business Operations Specialist, Treutel, Moen and Mitchell', 'Earum sint recusandae facilis ut eum aut et. Quo ut cupiditate distinctio sint hic itaque praesentium velit. Eligendi aut fuga quidem necessitatibus autem sunt aut.', 'default-client.jpg', 1, '2023-11-29 13:40:42', '2023-11-29 13:40:42', NULL),
(7, 'Shayne Raynor', 'shayne-raynor', 'Lawyer, Wehner-Hegmann', 'Expedita quasi amet maxime hic eos vel. Id labore enim et quia eaque quia consequatur. Voluptatem eligendi fugit earum facilis sed. Et fuga qui facilis sint. Aut ullam sunt sit voluptas.', 'default-client.jpg', 1, '2023-11-29 13:40:42', '2023-11-29 13:40:42', NULL),
(8, 'Vicky Jacobi', 'vicky-jacobi', 'Rolling Machine Setter, Kuhn-Miller', 'Aut quo voluptatem officiis ut. Fuga optio totam maxime quaerat quis.', 'default-client.jpg', 1, '2023-11-29 13:40:42', '2023-11-29 13:40:42', NULL),
(9, 'Magnolia Ferry', 'magnolia-ferry', 'Network Systems Analyst, Dietrich-Koss', 'Necessitatibus hic magnam qui eligendi rerum. Iusto ut veniam quam laboriosam ratione consequatur. Quia dolorem est sed numquam molestiae sunt. Perferendis molestias quidem voluptatem omnis.', 'default-client.jpg', 1, '2023-11-29 13:40:42', '2023-11-29 13:40:42', NULL),
(10, 'Prof. Elisha Pacocha V', 'prof-elisha-pacocha-v', 'Precision Printing Worker, Romaguera Ltd', 'Dignissimos dolores voluptatem non tempore. Omnis labore voluptatum sunt delectus dolor voluptas. Commodi eos dolor tempora. Rem tenetur beatae perspiciatis pariatur aut.', 'default-client.jpg', 1, '2023-11-29 13:40:42', '2023-11-29 13:40:42', NULL);

-- --------------------------------------------------------

--
-- Table structure for table `upazilas`
--

CREATE TABLE `upazilas` (
  `id` int(3) NOT NULL,
  `district_id` int(2) NOT NULL,
  `name` varchar(25) NOT NULL,
  `bn_name` varchar(25) NOT NULL,
  `url` varchar(50) NOT NULL
) ENGINE=InnoDB DEFAULT CHARSET=utf8 COLLATE=utf8_general_ci;

--
-- Dumping data for table `upazilas`
--

INSERT INTO `upazilas` (`id`, `district_id`, `name`, `bn_name`, `url`) VALUES
(1, 1, 'Debidwar', 'দেবিদ্বার', 'debidwar.comilla.gov.bd'),
(2, 1, 'Barura', 'বরুড়া', 'barura.comilla.gov.bd'),
(3, 1, 'Brahmanpara', 'ব্রাহ্মণপাড়া', 'brahmanpara.comilla.gov.bd'),
(4, 1, 'Chandina', 'চান্দিনা', 'chandina.comilla.gov.bd'),
(5, 1, 'Chauddagram', 'চৌদ্দগ্রাম', 'chauddagram.comilla.gov.bd'),
(6, 1, 'Daudkandi', 'দাউদকান্দি', 'daudkandi.comilla.gov.bd'),
(7, 1, 'Homna', 'হোমনা', 'homna.comilla.gov.bd'),
(8, 1, 'Laksam', 'লাকসাম', 'laksam.comilla.gov.bd'),
(9, 1, 'Muradnagar', 'মুরাদনগর', 'muradnagar.comilla.gov.bd'),
(10, 1, 'Nangalkot', 'নাঙ্গলকোট', 'nangalkot.comilla.gov.bd'),
(11, 1, 'Comilla Sadar', 'কুমিল্লা সদর', 'comillasadar.comilla.gov.bd'),
(12, 1, 'Meghna', 'মেঘনা', 'meghna.comilla.gov.bd'),
(13, 1, 'Monohargonj', 'মনোহরগঞ্জ', 'monohargonj.comilla.gov.bd'),
(14, 1, 'Sadarsouth', 'সদর দক্ষিণ', 'sadarsouth.comilla.gov.bd'),
(15, 1, 'Titas', 'তিতাস', 'titas.comilla.gov.bd'),
(16, 1, 'Burichang', 'বুড়িচং', 'burichang.comilla.gov.bd'),
(17, 1, 'Lalmai', 'লালমাই', 'lalmai.comilla.gov.bd'),
(18, 2, 'Chhagalnaiya', 'ছাগলনাইয়া', 'chhagalnaiya.feni.gov.bd'),
(19, 2, 'Feni Sadar', 'ফেনী সদর', 'sadar.feni.gov.bd'),
(20, 2, 'Sonagazi', 'সোনাগাজী', 'sonagazi.feni.gov.bd'),
(21, 2, 'Fulgazi', 'ফুলগাজী', 'fulgazi.feni.gov.bd'),
(22, 2, 'Parshuram', 'পরশুরাম', 'parshuram.feni.gov.bd'),
(23, 2, 'Daganbhuiyan', 'দাগনভূঞা', 'daganbhuiyan.feni.gov.bd'),
(24, 3, 'Brahmanbaria Sadar', 'ব্রাহ্মণবাড়িয়া সদর', 'sadar.brahmanbaria.gov.bd'),
(25, 3, 'Kasba', 'কসবা', 'kasba.brahmanbaria.gov.bd'),
(26, 3, 'Nasirnagar', 'নাসিরনগর', 'nasirnagar.brahmanbaria.gov.bd'),
(27, 3, 'Sarail', 'সরাইল', 'sarail.brahmanbaria.gov.bd'),
(28, 3, 'Ashuganj', 'আশুগঞ্জ', 'ashuganj.brahmanbaria.gov.bd'),
(29, 3, 'Akhaura', 'আখাউড়া', 'akhaura.brahmanbaria.gov.bd'),
(30, 3, 'Nabinagar', 'নবীনগর', 'nabinagar.brahmanbaria.gov.bd'),
(31, 3, 'Bancharampur', 'বাঞ্ছারামপুর', 'bancharampur.brahmanbaria.gov.bd'),
(32, 3, 'Bijoynagar', 'বিজয়নগর', 'bijoynagar.brahmanbaria.gov.bd    '),
(33, 4, 'Rangamati Sadar', 'রাঙ্গামাটি সদর', 'sadar.rangamati.gov.bd'),
(34, 4, 'Kaptai', 'কাপ্তাই', 'kaptai.rangamati.gov.bd'),
(35, 4, 'Kawkhali', 'কাউখালী', 'kawkhali.rangamati.gov.bd'),
(36, 4, 'Baghaichari', 'বাঘাইছড়ি', 'baghaichari.rangamati.gov.bd'),
(37, 4, 'Barkal', 'বরকল', 'barkal.rangamati.gov.bd'),
(38, 4, 'Langadu', 'লংগদু', 'langadu.rangamati.gov.bd'),
(39, 4, 'Rajasthali', 'রাজস্থলী', 'rajasthali.rangamati.gov.bd'),
(40, 4, 'Belaichari', 'বিলাইছড়ি', 'belaichari.rangamati.gov.bd'),
(41, 4, 'Juraichari', 'জুরাছড়ি', 'juraichari.rangamati.gov.bd'),
(42, 4, 'Naniarchar', 'নানিয়ারচর', 'naniarchar.rangamati.gov.bd'),
(43, 5, 'Noakhali Sadar', 'নোয়াখালী সদর', 'sadar.noakhali.gov.bd'),
(44, 5, 'Companiganj', 'কোম্পানীগঞ্জ', 'companiganj.noakhali.gov.bd'),
(45, 5, 'Begumganj', 'বেগমগঞ্জ', 'begumganj.noakhali.gov.bd'),
(46, 5, 'Hatia', 'হাতিয়া', 'hatia.noakhali.gov.bd'),
(47, 5, 'Subarnachar', 'সুবর্ণচর', 'subarnachar.noakhali.gov.bd'),
(48, 5, 'Kabirhat', 'কবিরহাট', 'kabirhat.noakhali.gov.bd'),
(49, 5, 'Senbug', 'সেনবাগ', 'senbug.noakhali.gov.bd'),
(50, 5, 'Chatkhil', 'চাটখিল', 'chatkhil.noakhali.gov.bd'),
(51, 5, 'Sonaimori', 'সোনাইমুড়ী', 'sonaimori.noakhali.gov.bd'),
(52, 6, 'Haimchar', 'হাইমচর', 'haimchar.chandpur.gov.bd'),
(53, 6, 'Kachua', 'কচুয়া', 'kachua.chandpur.gov.bd'),
(54, 6, 'Shahrasti', 'শাহরাস্তি	', 'shahrasti.chandpur.gov.bd'),
(55, 6, 'Chandpur Sadar', 'চাঁদপুর সদর', 'sadar.chandpur.gov.bd'),
(56, 6, 'Matlab South', 'মতলব দক্ষিণ', 'matlabsouth.chandpur.gov.bd'),
(57, 6, 'Hajiganj', 'হাজীগঞ্জ', 'hajiganj.chandpur.gov.bd'),
(58, 6, 'Matlab North', 'মতলব উত্তর', 'matlabnorth.chandpur.gov.bd'),
(59, 6, 'Faridgonj', 'ফরিদগঞ্জ', 'faridgonj.chandpur.gov.bd'),
(60, 7, 'Lakshmipur Sadar', 'লক্ষ্মীপুর সদর', 'sadar.lakshmipur.gov.bd'),
(61, 7, 'Kamalnagar', 'কমলনগর', 'kamalnagar.lakshmipur.gov.bd'),
(62, 7, 'Raipur', 'রায়পুর', 'raipur.lakshmipur.gov.bd'),
(63, 7, 'Ramgati', 'রামগতি', 'ramgati.lakshmipur.gov.bd'),
(64, 7, 'Ramganj', 'রামগঞ্জ', 'ramganj.lakshmipur.gov.bd'),
(65, 8, 'Rangunia', 'রাঙ্গুনিয়া', 'rangunia.chittagong.gov.bd'),
(66, 8, 'Sitakunda', 'সীতাকুন্ড', 'sitakunda.chittagong.gov.bd'),
(67, 8, 'Mirsharai', 'মীরসরাই', 'mirsharai.chittagong.gov.bd'),
(68, 8, 'Patiya', 'পটিয়া', 'patiya.chittagong.gov.bd'),
(69, 8, 'Sandwip', 'সন্দ্বীপ', 'sandwip.chittagong.gov.bd'),
(70, 8, 'Banshkhali', 'বাঁশখালী', 'banshkhali.chittagong.gov.bd'),
(71, 8, 'Boalkhali', 'বোয়ালখালী', 'boalkhali.chittagong.gov.bd'),
(72, 8, 'Anwara', 'আনোয়ারা', 'anwara.chittagong.gov.bd'),
(73, 8, 'Chandanaish', 'চন্দনাইশ', 'chandanaish.chittagong.gov.bd'),
(74, 8, 'Satkania', 'সাতকানিয়া', 'satkania.chittagong.gov.bd'),
(75, 8, 'Lohagara', 'লোহাগাড়া', 'lohagara.chittagong.gov.bd'),
(76, 8, 'Hathazari', 'হাটহাজারী', 'hathazari.chittagong.gov.bd'),
(77, 8, 'Fatikchhari', 'ফটিকছড়ি', 'fatikchhari.chittagong.gov.bd'),
(78, 8, 'Raozan', 'রাউজান', 'raozan.chittagong.gov.bd'),
(79, 8, 'Karnafuli', 'কর্ণফুলী', 'karnafuli.chittagong.gov.bd'),
(80, 9, 'Coxsbazar Sadar', 'কক্সবাজার সদর', 'sadar.coxsbazar.gov.bd'),
(81, 9, 'Chakaria', 'চকরিয়া', 'chakaria.coxsbazar.gov.bd'),
(82, 9, 'Kutubdia', 'কুতুবদিয়া', 'kutubdia.coxsbazar.gov.bd'),
(83, 9, 'Ukhiya', 'উখিয়া', 'ukhiya.coxsbazar.gov.bd'),
(84, 9, 'Moheshkhali', 'মহেশখালী', 'moheshkhali.coxsbazar.gov.bd'),
(85, 9, 'Pekua', 'পেকুয়া', 'pekua.coxsbazar.gov.bd'),
(86, 9, 'Ramu', 'রামু', 'ramu.coxsbazar.gov.bd'),
(87, 9, 'Teknaf', 'টেকনাফ', 'teknaf.coxsbazar.gov.bd'),
(88, 10, 'Khagrachhari Sadar', 'খাগড়াছড়ি সদর', 'sadar.khagrachhari.gov.bd'),
(89, 10, 'Dighinala', 'দিঘীনালা', 'dighinala.khagrachhari.gov.bd'),
(90, 10, 'Panchari', 'পানছড়ি', 'panchari.khagrachhari.gov.bd'),
(91, 10, 'Laxmichhari', 'লক্ষীছড়ি', 'laxmichhari.khagrachhari.gov.bd'),
(92, 10, 'Mohalchari', 'মহালছড়ি', 'mohalchari.khagrachhari.gov.bd'),
(93, 10, 'Manikchari', 'মানিকছড়ি', 'manikchari.khagrachhari.gov.bd'),
(94, 10, 'Ramgarh', 'রামগড়', 'ramgarh.khagrachhari.gov.bd'),
(95, 10, 'Matiranga', 'মাটিরাঙ্গা', 'matiranga.khagrachhari.gov.bd'),
(96, 10, 'Guimara', 'গুইমারা', 'guimara.khagrachhari.gov.bd'),
(97, 11, 'Bandarban Sadar', 'বান্দরবান সদর', 'sadar.bandarban.gov.bd'),
(98, 11, 'Alikadam', 'আলীকদম', 'alikadam.bandarban.gov.bd'),
(99, 11, 'Naikhongchhari', 'নাইক্ষ্যংছড়ি', 'naikhongchhari.bandarban.gov.bd'),
(100, 11, 'Rowangchhari', 'রোয়াংছড়ি', 'rowangchhari.bandarban.gov.bd'),
(101, 11, 'Lama', 'লামা', 'lama.bandarban.gov.bd'),
(102, 11, 'Ruma', 'রুমা', 'ruma.bandarban.gov.bd'),
(103, 11, 'Thanchi', 'থানচি', 'thanchi.bandarban.gov.bd'),
(104, 12, 'Belkuchi', 'বেলকুচি', 'belkuchi.sirajganj.gov.bd'),
(105, 12, 'Chauhali', 'চৌহালি', 'chauhali.sirajganj.gov.bd'),
(106, 12, 'Kamarkhand', 'কামারখন্দ', 'kamarkhand.sirajganj.gov.bd'),
(107, 12, 'Kazipur', 'কাজীপুর', 'kazipur.sirajganj.gov.bd'),
(108, 12, 'Raigonj', 'রায়গঞ্জ', 'raigonj.sirajganj.gov.bd'),
(109, 12, 'Shahjadpur', 'শাহজাদপুর', 'shahjadpur.sirajganj.gov.bd'),
(110, 12, 'Sirajganj Sadar', 'সিরাজগঞ্জ সদর', 'sirajganjsadar.sirajganj.gov.bd'),
(111, 12, 'Tarash', 'তাড়াশ', 'tarash.sirajganj.gov.bd'),
(112, 12, 'Ullapara', 'উল্লাপাড়া', 'ullapara.sirajganj.gov.bd'),
(113, 13, 'Sujanagar', 'সুজানগর', 'sujanagar.pabna.gov.bd'),
(114, 13, 'Ishurdi', 'ঈশ্বরদী', 'ishurdi.pabna.gov.bd'),
(115, 13, 'Bhangura', 'ভাঙ্গুড়া', 'bhangura.pabna.gov.bd'),
(116, 13, 'Pabna Sadar', 'পাবনা সদর', 'pabnasadar.pabna.gov.bd'),
(117, 13, 'Bera', 'বেড়া', 'bera.pabna.gov.bd'),
(118, 13, 'Atghoria', 'আটঘরিয়া', 'atghoria.pabna.gov.bd'),
(119, 13, 'Chatmohar', 'চাটমোহর', 'chatmohar.pabna.gov.bd'),
(120, 13, 'Santhia', 'সাঁথিয়া', 'santhia.pabna.gov.bd'),
(121, 13, 'Faridpur', 'ফরিদপুর', 'faridpur.pabna.gov.bd'),
(122, 14, 'Kahaloo', 'কাহালু', 'kahaloo.bogra.gov.bd'),
(123, 14, 'Bogra Sadar', 'বগুড়া সদর', 'sadar.bogra.gov.bd'),
(124, 14, 'Shariakandi', 'সারিয়াকান্দি', 'shariakandi.bogra.gov.bd'),
(125, 14, 'Shajahanpur', 'শাজাহানপুর', 'shajahanpur.bogra.gov.bd'),
(126, 14, 'Dupchanchia', 'দুপচাচিঁয়া', 'dupchanchia.bogra.gov.bd'),
(127, 14, 'Adamdighi', 'আদমদিঘি', 'adamdighi.bogra.gov.bd'),
(128, 14, 'Nondigram', 'নন্দিগ্রাম', 'nondigram.bogra.gov.bd'),
(129, 14, 'Sonatala', 'সোনাতলা', 'sonatala.bogra.gov.bd'),
(130, 14, 'Dhunot', 'ধুনট', 'dhunot.bogra.gov.bd'),
(131, 14, 'Gabtali', 'গাবতলী', 'gabtali.bogra.gov.bd'),
(132, 14, 'Sherpur', 'শেরপুর', 'sherpur.bogra.gov.bd'),
(133, 14, 'Shibganj', 'শিবগঞ্জ', 'shibganj.bogra.gov.bd'),
(134, 15, 'Paba', 'পবা', 'paba.rajshahi.gov.bd'),
(135, 15, 'Durgapur', 'দুর্গাপুর', 'durgapur.rajshahi.gov.bd'),
(136, 15, 'Mohonpur', 'মোহনপুর', 'mohonpur.rajshahi.gov.bd'),
(137, 15, 'Charghat', 'চারঘাট', 'charghat.rajshahi.gov.bd'),
(138, 15, 'Puthia', 'পুঠিয়া', 'puthia.rajshahi.gov.bd'),
(139, 15, 'Bagha', 'বাঘা', 'bagha.rajshahi.gov.bd'),
(140, 15, 'Godagari', 'গোদাগাড়ী', 'godagari.rajshahi.gov.bd'),
(141, 15, 'Tanore', 'তানোর', 'tanore.rajshahi.gov.bd'),
(142, 15, 'Bagmara', 'বাগমারা', 'bagmara.rajshahi.gov.bd'),
(143, 16, 'Natore Sadar', 'নাটোর সদর', 'natoresadar.natore.gov.bd'),
(144, 16, 'Singra', 'সিংড়া', 'singra.natore.gov.bd'),
(145, 16, 'Baraigram', 'বড়াইগ্রাম', 'baraigram.natore.gov.bd'),
(146, 16, 'Bagatipara', 'বাগাতিপাড়া', 'bagatipara.natore.gov.bd'),
(147, 16, 'Lalpur', 'লালপুর', 'lalpur.natore.gov.bd'),
(148, 16, 'Gurudaspur', 'গুরুদাসপুর', 'gurudaspur.natore.gov.bd'),
(149, 16, 'Naldanga', 'নলডাঙ্গা', 'naldanga.natore.gov.bd'),
(150, 17, 'Akkelpur', 'আক্কেলপুর', 'akkelpur.joypurhat.gov.bd'),
(151, 17, 'Kalai', 'কালাই', 'kalai.joypurhat.gov.bd'),
(152, 17, 'Khetlal', 'ক্ষেতলাল', 'khetlal.joypurhat.gov.bd'),
(153, 17, 'Panchbibi', 'পাঁচবিবি', 'panchbibi.joypurhat.gov.bd'),
(154, 17, 'Joypurhat Sadar', 'জয়পুরহাট সদর', 'joypurhatsadar.joypurhat.gov.bd'),
(155, 18, 'Chapainawabganj Sadar', 'চাঁপাইনবাবগঞ্জ সদর', 'chapainawabganjsadar.chapainawabganj.gov.bd'),
(156, 18, 'Gomostapur', 'গোমস্তাপুর', 'gomostapur.chapainawabganj.gov.bd'),
(157, 18, 'Nachol', 'নাচোল', 'nachol.chapainawabganj.gov.bd'),
(158, 18, 'Bholahat', 'ভোলাহাট', 'bholahat.chapainawabganj.gov.bd'),
(159, 18, 'Shibganj', 'শিবগঞ্জ', 'shibganj.chapainawabganj.gov.bd'),
(160, 19, 'Mohadevpur', 'মহাদেবপুর', 'mohadevpur.naogaon.gov.bd'),
(161, 19, 'Badalgachi', 'বদলগাছী', 'badalgachi.naogaon.gov.bd'),
(162, 19, 'Patnitala', 'পত্নিতলা', 'patnitala.naogaon.gov.bd'),
(163, 19, 'Dhamoirhat', 'ধামইরহাট', 'dhamoirhat.naogaon.gov.bd'),
(164, 19, 'Niamatpur', 'নিয়ামতপুর', 'niamatpur.naogaon.gov.bd'),
(165, 19, 'Manda', 'মান্দা', 'manda.naogaon.gov.bd'),
(166, 19, 'Atrai', 'আত্রাই', 'atrai.naogaon.gov.bd'),
(167, 19, 'Raninagar', 'রাণীনগর', 'raninagar.naogaon.gov.bd'),
(168, 19, 'Naogaon Sadar', 'নওগাঁ সদর', 'naogaonsadar.naogaon.gov.bd'),
(169, 19, 'Porsha', 'পোরশা', 'porsha.naogaon.gov.bd'),
(170, 19, 'Sapahar', 'সাপাহার', 'sapahar.naogaon.gov.bd'),
(171, 20, 'Manirampur', 'মণিরামপুর', 'manirampur.jessore.gov.bd'),
(172, 20, 'Abhaynagar', 'অভয়নগর', 'abhaynagar.jessore.gov.bd'),
(173, 20, 'Bagherpara', 'বাঘারপাড়া', 'bagherpara.jessore.gov.bd'),
(174, 20, 'Chougachha', 'চৌগাছা', 'chougachha.jessore.gov.bd'),
(175, 20, 'Jhikargacha', 'ঝিকরগাছা', 'jhikargacha.jessore.gov.bd'),
(176, 20, 'Keshabpur', 'কেশবপুর', 'keshabpur.jessore.gov.bd'),
(177, 20, 'Jessore Sadar', 'যশোর সদর', 'sadar.jessore.gov.bd'),
(178, 20, 'Sharsha', 'শার্শা', 'sharsha.jessore.gov.bd'),
(179, 21, 'Assasuni', 'আশাশুনি', 'assasuni.satkhira.gov.bd'),
(180, 21, 'Debhata', 'দেবহাটা', 'debhata.satkhira.gov.bd'),
(181, 21, 'Kalaroa', 'কলারোয়া', 'kalaroa.satkhira.gov.bd'),
(182, 21, 'Satkhira Sadar', 'সাতক্ষীরা সদর', 'satkhirasadar.satkhira.gov.bd'),
(183, 21, 'Shyamnagar', 'শ্যামনগর', 'shyamnagar.satkhira.gov.bd'),
(184, 21, 'Tala', 'তালা', 'tala.satkhira.gov.bd'),
(185, 21, 'Kaliganj', 'কালিগঞ্জ', 'kaliganj.satkhira.gov.bd'),
(186, 22, 'Mujibnagar', 'মুজিবনগর', 'mujibnagar.meherpur.gov.bd'),
(187, 22, 'Meherpur Sadar', 'মেহেরপুর সদর', 'meherpursadar.meherpur.gov.bd'),
(188, 22, 'Gangni', 'গাংনী', 'gangni.meherpur.gov.bd'),
(189, 23, 'Narail Sadar', 'নড়াইল সদর', 'narailsadar.narail.gov.bd'),
(190, 23, 'Lohagara', 'লোহাগড়া', 'lohagara.narail.gov.bd'),
(191, 23, 'Kalia', 'কালিয়া', 'kalia.narail.gov.bd'),
(192, 24, 'Chuadanga Sadar', 'চুয়াডাঙ্গা সদর', 'chuadangasadar.chuadanga.gov.bd'),
(193, 24, 'Alamdanga', 'আলমডাঙ্গা', 'alamdanga.chuadanga.gov.bd'),
(194, 24, 'Damurhuda', 'দামুড়হুদা', 'damurhuda.chuadanga.gov.bd'),
(195, 24, 'Jibannagar', 'জীবননগর', 'jibannagar.chuadanga.gov.bd'),
(196, 25, 'Kushtia Sadar', 'কুষ্টিয়া সদর', 'kushtiasadar.kushtia.gov.bd'),
(197, 25, 'Kumarkhali', 'কুমারখালী', 'kumarkhali.kushtia.gov.bd'),
(198, 25, 'Khoksa', 'খোকসা', 'khoksa.kushtia.gov.bd'),
(199, 25, 'Mirpur', 'মিরপুর', 'mirpurkushtia.kushtia.gov.bd'),
(200, 25, 'Daulatpur', 'দৌলতপুর', 'daulatpur.kushtia.gov.bd'),
(201, 25, 'Bheramara', 'ভেড়ামারা', 'bheramara.kushtia.gov.bd'),
(202, 26, 'Shalikha', 'শালিখা', 'shalikha.magura.gov.bd'),
(203, 26, 'Sreepur', 'শ্রীপুর', 'sreepur.magura.gov.bd'),
(204, 26, 'Magura Sadar', 'মাগুরা সদর', 'magurasadar.magura.gov.bd'),
(205, 26, 'Mohammadpur', 'মহম্মদপুর', 'mohammadpur.magura.gov.bd'),
(206, 27, 'Paikgasa', 'পাইকগাছা', 'paikgasa.khulna.gov.bd'),
(207, 27, 'Fultola', 'ফুলতলা', 'fultola.khulna.gov.bd'),
(208, 27, 'Digholia', 'দিঘলিয়া', 'digholia.khulna.gov.bd'),
(209, 27, 'Rupsha', 'রূপসা', 'rupsha.khulna.gov.bd'),
(210, 27, 'Terokhada', 'তেরখাদা', 'terokhada.khulna.gov.bd'),
(211, 27, 'Dumuria', 'ডুমুরিয়া', 'dumuria.khulna.gov.bd'),
(212, 27, 'Botiaghata', 'বটিয়াঘাটা', 'botiaghata.khulna.gov.bd'),
(213, 27, 'Dakop', 'দাকোপ', 'dakop.khulna.gov.bd'),
(214, 27, 'Koyra', 'কয়রা', 'koyra.khulna.gov.bd'),
(215, 28, 'Fakirhat', 'ফকিরহাট', 'fakirhat.bagerhat.gov.bd'),
(216, 28, 'Bagerhat Sadar', 'বাগেরহাট সদর', 'sadar.bagerhat.gov.bd'),
(217, 28, 'Mollahat', 'মোল্লাহাট', 'mollahat.bagerhat.gov.bd'),
(218, 28, 'Sarankhola', 'শরণখোলা', 'sarankhola.bagerhat.gov.bd'),
(219, 28, 'Rampal', 'রামপাল', 'rampal.bagerhat.gov.bd'),
(220, 28, 'Morrelganj', 'মোড়েলগঞ্জ', 'morrelganj.bagerhat.gov.bd'),
(221, 28, 'Kachua', 'কচুয়া', 'kachua.bagerhat.gov.bd'),
(222, 28, 'Mongla', 'মোংলা', 'mongla.bagerhat.gov.bd'),
(223, 28, 'Chitalmari', 'চিতলমারী', 'chitalmari.bagerhat.gov.bd'),
(224, 29, 'Jhenaidah Sadar', 'ঝিনাইদহ সদর', 'sadar.jhenaidah.gov.bd'),
(225, 29, 'Shailkupa', 'শৈলকুপা', 'shailkupa.jhenaidah.gov.bd'),
(226, 29, 'Harinakundu', 'হরিণাকুন্ডু', 'harinakundu.jhenaidah.gov.bd'),
(227, 29, 'Kaliganj', 'কালীগঞ্জ', 'kaliganj.jhenaidah.gov.bd'),
(228, 29, 'Kotchandpur', 'কোটচাঁদপুর', 'kotchandpur.jhenaidah.gov.bd'),
(229, 29, 'Moheshpur', 'মহেশপুর', 'moheshpur.jhenaidah.gov.bd'),
(230, 30, 'Jhalakathi Sadar', 'ঝালকাঠি সদর', 'sadar.jhalakathi.gov.bd'),
(231, 30, 'Kathalia', 'কাঠালিয়া', 'kathalia.jhalakathi.gov.bd'),
(232, 30, 'Nalchity', 'নলছিটি', 'nalchity.jhalakathi.gov.bd'),
(233, 30, 'Rajapur', 'রাজাপুর', 'rajapur.jhalakathi.gov.bd'),
(234, 31, 'Bauphal', 'বাউফল', 'bauphal.patuakhali.gov.bd'),
(235, 31, 'Patuakhali Sadar', 'পটুয়াখালী সদর', 'sadar.patuakhali.gov.bd'),
(236, 31, 'Dumki', 'দুমকি', 'dumki.patuakhali.gov.bd'),
(237, 31, 'Dashmina', 'দশমিনা', 'dashmina.patuakhali.gov.bd'),
(238, 31, 'Kalapara', 'কলাপাড়া', 'kalapara.patuakhali.gov.bd'),
(239, 31, 'Mirzaganj', 'মির্জাগঞ্জ', 'mirzaganj.patuakhali.gov.bd'),
(240, 31, 'Galachipa', 'গলাচিপা', 'galachipa.patuakhali.gov.bd'),
(241, 31, 'Rangabali', 'রাঙ্গাবালী', 'rangabali.patuakhali.gov.bd'),
(242, 32, 'Pirojpur Sadar', 'পিরোজপুর সদর', 'sadar.pirojpur.gov.bd'),
(243, 32, 'Nazirpur', 'নাজিরপুর', 'nazirpur.pirojpur.gov.bd'),
(244, 32, 'Kawkhali', 'কাউখালী', 'kawkhali.pirojpur.gov.bd'),
(245, 32, 'Zianagar', 'জিয়ানগর', 'zianagar.pirojpur.gov.bd'),
(246, 32, 'Bhandaria', 'ভান্ডারিয়া', 'bhandaria.pirojpur.gov.bd'),
(247, 32, 'Mathbaria', 'মঠবাড়ীয়া', 'mathbaria.pirojpur.gov.bd'),
(248, 32, 'Nesarabad', 'নেছারাবাদ', 'nesarabad.pirojpur.gov.bd'),
(249, 33, 'Barisal Sadar', 'বরিশাল সদর', 'barisalsadar.barisal.gov.bd'),
(250, 33, 'Bakerganj', 'বাকেরগঞ্জ', 'bakerganj.barisal.gov.bd'),
(251, 33, 'Babuganj', 'বাবুগঞ্জ', 'babuganj.barisal.gov.bd'),
(252, 33, 'Wazirpur', 'উজিরপুর', 'wazirpur.barisal.gov.bd'),
(253, 33, 'Banaripara', 'বানারীপাড়া', 'banaripara.barisal.gov.bd'),
(254, 33, 'Gournadi', 'গৌরনদী', 'gournadi.barisal.gov.bd'),
(255, 33, 'Agailjhara', 'আগৈলঝাড়া', 'agailjhara.barisal.gov.bd'),
(256, 33, 'Mehendiganj', 'মেহেন্দিগঞ্জ', 'mehendiganj.barisal.gov.bd'),
(257, 33, 'Muladi', 'মুলাদী', 'muladi.barisal.gov.bd'),
(258, 33, 'Hizla', 'হিজলা', 'hizla.barisal.gov.bd'),
(259, 34, 'Bhola Sadar', 'ভোলা সদর', 'sadar.bhola.gov.bd'),
(260, 34, 'Borhan Sddin', 'বোরহান উদ্দিন', 'borhanuddin.bhola.gov.bd'),
(261, 34, 'Charfesson', 'চরফ্যাশন', 'charfesson.bhola.gov.bd'),
(262, 34, 'Doulatkhan', 'দৌলতখান', 'doulatkhan.bhola.gov.bd'),
(263, 34, 'Monpura', 'মনপুরা', 'monpura.bhola.gov.bd'),
(264, 34, 'Tazumuddin', 'তজুমদ্দিন', 'tazumuddin.bhola.gov.bd'),
(265, 34, 'Lalmohan', 'লালমোহন', 'lalmohan.bhola.gov.bd'),
(266, 35, 'Amtali', 'আমতলী', 'amtali.barguna.gov.bd'),
(267, 35, 'Barguna Sadar', 'বরগুনা সদর', 'sadar.barguna.gov.bd'),
(268, 35, 'Betagi', 'বেতাগী', 'betagi.barguna.gov.bd'),
(269, 35, 'Bamna', 'বামনা', 'bamna.barguna.gov.bd'),
(270, 35, 'Pathorghata', 'পাথরঘাটা', 'pathorghata.barguna.gov.bd'),
(271, 35, 'Taltali', 'তালতলি', 'taltali.barguna.gov.bd'),
(272, 36, 'Balaganj', 'বালাগঞ্জ', 'balaganj.sylhet.gov.bd'),
(273, 36, 'Beanibazar', 'বিয়ানীবাজার', 'beanibazar.sylhet.gov.bd'),
(274, 36, 'Bishwanath', 'বিশ্বনাথ', 'bishwanath.sylhet.gov.bd'),
(275, 36, 'Companiganj', 'কোম্পানীগঞ্জ', 'companiganj.sylhet.gov.bd'),
(276, 36, 'Fenchuganj', 'ফেঞ্চুগঞ্জ', 'fenchuganj.sylhet.gov.bd'),
(277, 36, 'Golapganj', 'গোলাপগঞ্জ', 'golapganj.sylhet.gov.bd'),
(278, 36, 'Gowainghat', 'গোয়াইনঘাট', 'gowainghat.sylhet.gov.bd'),
(279, 36, 'Jaintiapur', 'জৈন্তাপুর', 'jaintiapur.sylhet.gov.bd'),
(280, 36, 'Kanaighat', 'কানাইঘাট', 'kanaighat.sylhet.gov.bd'),
(281, 36, 'Sylhet Sadar', 'সিলেট সদর', 'sylhetsadar.sylhet.gov.bd'),
(282, 36, 'Zakiganj', 'জকিগঞ্জ', 'zakiganj.sylhet.gov.bd'),
(283, 36, 'Dakshinsurma', 'দক্ষিণ সুরমা', 'dakshinsurma.sylhet.gov.bd'),
(284, 36, 'Osmaninagar', 'ওসমানী নগর', 'osmaninagar.sylhet.gov.bd'),
(285, 37, 'Barlekha', 'বড়লেখা', 'barlekha.moulvibazar.gov.bd'),
(286, 37, 'Kamolganj', 'কমলগঞ্জ', 'kamolganj.moulvibazar.gov.bd'),
(287, 37, 'Kulaura', 'কুলাউড়া', 'kulaura.moulvibazar.gov.bd'),
(288, 37, 'Moulvibazar Sadar', 'মৌলভীবাজার সদর', 'moulvibazarsadar.moulvibazar.gov.bd'),
(289, 37, 'Rajnagar', 'রাজনগর', 'rajnagar.moulvibazar.gov.bd'),
(290, 37, 'Sreemangal', 'শ্রীমঙ্গল', 'sreemangal.moulvibazar.gov.bd'),
(291, 37, 'Juri', 'জুড়ী', 'juri.moulvibazar.gov.bd'),
(292, 38, 'Nabiganj', 'নবীগঞ্জ', 'nabiganj.habiganj.gov.bd'),
(293, 38, 'Bahubal', 'বাহুবল', 'bahubal.habiganj.gov.bd'),
(294, 38, 'Ajmiriganj', 'আজমিরীগঞ্জ', 'ajmiriganj.habiganj.gov.bd'),
(295, 38, 'Baniachong', 'বানিয়াচং', 'baniachong.habiganj.gov.bd'),
(296, 38, 'Lakhai', 'লাখাই', 'lakhai.habiganj.gov.bd'),
(297, 38, 'Chunarughat', 'চুনারুঘাট', 'chunarughat.habiganj.gov.bd'),
(298, 38, 'Habiganj Sadar', 'হবিগঞ্জ সদর', 'habiganjsadar.habiganj.gov.bd'),
(299, 38, 'Madhabpur', 'মাধবপুর', 'madhabpur.habiganj.gov.bd'),
(300, 39, 'Sunamganj Sadar', 'সুনামগঞ্জ সদর', 'sadar.sunamganj.gov.bd'),
(301, 39, 'South Sunamganj', 'দক্ষিণ সুনামগঞ্জ', 'southsunamganj.sunamganj.gov.bd'),
(302, 39, 'Bishwambarpur', 'বিশ্বম্ভরপুর', 'bishwambarpur.sunamganj.gov.bd'),
(303, 39, 'Chhatak', 'ছাতক', 'chhatak.sunamganj.gov.bd'),
(304, 39, 'Jagannathpur', 'জগন্নাথপুর', 'jagannathpur.sunamganj.gov.bd'),
(305, 39, 'Dowarabazar', 'দোয়ারাবাজার', 'dowarabazar.sunamganj.gov.bd'),
(306, 39, 'Tahirpur', 'তাহিরপুর', 'tahirpur.sunamganj.gov.bd'),
(307, 39, 'Dharmapasha', 'ধর্মপাশা', 'dharmapasha.sunamganj.gov.bd'),
(308, 39, 'Jamalganj', 'জামালগঞ্জ', 'jamalganj.sunamganj.gov.bd'),
(309, 39, 'Shalla', 'শাল্লা', 'shalla.sunamganj.gov.bd'),
(310, 39, 'Derai', 'দিরাই', 'derai.sunamganj.gov.bd'),
(311, 40, 'Belabo', 'বেলাবো', 'belabo.narsingdi.gov.bd'),
(312, 40, 'Monohardi', 'মনোহরদী', 'monohardi.narsingdi.gov.bd'),
(313, 40, 'Narsingdi Sadar', 'নরসিংদী সদর', 'narsingdisadar.narsingdi.gov.bd'),
(314, 40, 'Palash', 'পলাশ', 'palash.narsingdi.gov.bd'),
(315, 40, 'Raipura', 'রায়পুরা', 'raipura.narsingdi.gov.bd'),
(316, 40, 'Shibpur', 'শিবপুর', 'shibpur.narsingdi.gov.bd'),
(317, 41, 'Kaliganj', 'কালীগঞ্জ', 'kaliganj.gazipur.gov.bd'),
(318, 41, 'Kaliakair', 'কালিয়াকৈর', 'kaliakair.gazipur.gov.bd'),
(319, 41, 'Kapasia', 'কাপাসিয়া', 'kapasia.gazipur.gov.bd'),
(320, 41, 'Gazipur Sadar', 'গাজীপুর সদর', 'sadar.gazipur.gov.bd'),
(321, 41, 'Sreepur', 'শ্রীপুর', 'sreepur.gazipur.gov.bd'),
(322, 42, 'Shariatpur Sadar', 'শরিয়তপুর সদর', 'sadar.shariatpur.gov.bd'),
(323, 42, 'Naria', 'নড়িয়া', 'naria.shariatpur.gov.bd'),
(324, 42, 'Zajira', 'জাজিরা', 'zajira.shariatpur.gov.bd'),
(325, 42, 'Gosairhat', 'গোসাইরহাট', 'gosairhat.shariatpur.gov.bd'),
(326, 42, 'Bhedarganj', 'ভেদরগঞ্জ', 'bhedarganj.shariatpur.gov.bd'),
(327, 42, 'Damudya', 'ডামুড্যা', 'damudya.shariatpur.gov.bd'),
(328, 43, 'Araihazar', 'আড়াইহাজার', 'araihazar.narayanganj.gov.bd'),
(329, 43, 'Bandar', 'বন্দর', 'bandar.narayanganj.gov.bd'),
(330, 43, 'Narayanganj Sadar', 'নারায়নগঞ্জ সদর', 'narayanganjsadar.narayanganj.gov.bd'),
(331, 43, 'Rupganj', 'রূপগঞ্জ', 'rupganj.narayanganj.gov.bd'),
(332, 43, 'Sonargaon', 'সোনারগাঁ', 'sonargaon.narayanganj.gov.bd'),
(333, 44, 'Basail', 'বাসাইল', 'basail.tangail.gov.bd'),
(334, 44, 'Bhuapur', 'ভুয়াপুর', 'bhuapur.tangail.gov.bd'),
(335, 44, 'Delduar', 'দেলদুয়ার', 'delduar.tangail.gov.bd'),
(336, 44, 'Ghatail', 'ঘাটাইল', 'ghatail.tangail.gov.bd'),
(337, 44, 'Gopalpur', 'গোপালপুর', 'gopalpur.tangail.gov.bd'),
(338, 44, 'Madhupur', 'মধুপুর', 'madhupur.tangail.gov.bd'),
(339, 44, 'Mirzapur', 'মির্জাপুর', 'mirzapur.tangail.gov.bd'),
(340, 44, 'Nagarpur', 'নাগরপুর', 'nagarpur.tangail.gov.bd'),
(341, 44, 'Sakhipur', 'সখিপুর', 'sakhipur.tangail.gov.bd'),
(342, 44, 'Tangail Sadar', 'টাঙ্গাইল সদর', 'tangailsadar.tangail.gov.bd'),
(343, 44, 'Kalihati', 'কালিহাতী', 'kalihati.tangail.gov.bd'),
(344, 44, 'Dhanbari', 'ধনবাড়ী', 'dhanbari.tangail.gov.bd'),
(345, 45, 'Itna', 'ইটনা', 'itna.kishoreganj.gov.bd'),
(346, 45, 'Katiadi', 'কটিয়াদী', 'katiadi.kishoreganj.gov.bd'),
(347, 45, 'Bhairab', 'ভৈরব', 'bhairab.kishoreganj.gov.bd'),
(348, 45, 'Tarail', 'তাড়াইল', 'tarail.kishoreganj.gov.bd'),
(349, 45, 'Hossainpur', 'হোসেনপুর', 'hossainpur.kishoreganj.gov.bd'),
(350, 45, 'Pakundia', 'পাকুন্দিয়া', 'pakundia.kishoreganj.gov.bd'),
(351, 45, 'Kuliarchar', 'কুলিয়ারচর', 'kuliarchar.kishoreganj.gov.bd'),
(352, 45, 'Kishoreganj Sadar', 'কিশোরগঞ্জ সদর', 'kishoreganjsadar.kishoreganj.gov.bd'),
(353, 45, 'Karimgonj', 'করিমগঞ্জ', 'karimgonj.kishoreganj.gov.bd'),
(354, 45, 'Bajitpur', 'বাজিতপুর', 'bajitpur.kishoreganj.gov.bd'),
(355, 45, 'Austagram', 'অষ্টগ্রাম', 'austagram.kishoreganj.gov.bd'),
(356, 45, 'Mithamoin', 'মিঠামইন', 'mithamoin.kishoreganj.gov.bd'),
(357, 45, 'Nikli', 'নিকলী', 'nikli.kishoreganj.gov.bd'),
(358, 46, 'Harirampur', 'হরিরামপুর', 'harirampur.manikganj.gov.bd'),
(359, 46, 'Saturia', 'সাটুরিয়া', 'saturia.manikganj.gov.bd'),
(360, 46, 'Manikganj Sadar', 'মানিকগঞ্জ সদর', 'sadar.manikganj.gov.bd'),
(361, 46, 'Gior', 'ঘিওর', 'gior.manikganj.gov.bd'),
(362, 46, 'Shibaloy', 'শিবালয়', 'shibaloy.manikganj.gov.bd'),
(363, 46, 'Doulatpur', 'দৌলতপুর', 'doulatpur.manikganj.gov.bd'),
(364, 46, 'Singiar', 'সিংগাইর', 'singiar.manikganj.gov.bd'),
(365, 47, 'Savar', 'সাভার', 'savar.dhaka.gov.bd'),
(366, 47, 'Dhamrai', 'ধামরাই', 'dhamrai.dhaka.gov.bd'),
(367, 47, 'Keraniganj', 'কেরাণীগঞ্জ', 'keraniganj.dhaka.gov.bd'),
(368, 47, 'Nawabganj', 'নবাবগঞ্জ', 'nawabganj.dhaka.gov.bd'),
(369, 47, 'Dohar', 'দোহার', 'dohar.dhaka.gov.bd'),
(370, 48, 'Munshiganj Sadar', 'মুন্সিগঞ্জ সদর', 'sadar.munshiganj.gov.bd'),
(371, 48, 'Sreenagar', 'শ্রীনগর', 'sreenagar.munshiganj.gov.bd'),
(372, 48, 'Sirajdikhan', 'সিরাজদিখান', 'sirajdikhan.munshiganj.gov.bd'),
(373, 48, 'Louhajanj', 'লৌহজং', 'louhajanj.munshiganj.gov.bd'),
(374, 48, 'Gajaria', 'গজারিয়া', 'gajaria.munshiganj.gov.bd'),
(375, 48, 'Tongibari', 'টংগীবাড়ি', 'tongibari.munshiganj.gov.bd'),
(376, 49, 'Rajbari Sadar', 'রাজবাড়ী সদর', 'sadar.rajbari.gov.bd'),
(377, 49, 'Goalanda', 'গোয়ালন্দ', 'goalanda.rajbari.gov.bd'),
(378, 49, 'Pangsa', 'পাংশা', 'pangsa.rajbari.gov.bd'),
(379, 49, 'Baliakandi', 'বালিয়াকান্দি', 'baliakandi.rajbari.gov.bd'),
(380, 49, 'Kalukhali', 'কালুখালী', 'kalukhali.rajbari.gov.bd'),
(381, 50, 'Madaripur Sadar', 'মাদারীপুর সদর', 'sadar.madaripur.gov.bd'),
(382, 50, 'Shibchar', 'শিবচর', 'shibchar.madaripur.gov.bd'),
(383, 50, 'Kalkini', 'কালকিনি', 'kalkini.madaripur.gov.bd'),
(384, 50, 'Rajoir', 'রাজৈর', 'rajoir.madaripur.gov.bd'),
(385, 51, 'Gopalganj Sadar', 'গোপালগঞ্জ সদর', 'sadar.gopalganj.gov.bd'),
(386, 51, 'Kashiani', 'কাশিয়ানী', 'kashiani.gopalganj.gov.bd'),
(387, 51, 'Tungipara', 'টুংগীপাড়া', 'tungipara.gopalganj.gov.bd'),
(388, 51, 'Kotalipara', 'কোটালীপাড়া', 'kotalipara.gopalganj.gov.bd'),
(389, 51, 'Muksudpur', 'মুকসুদপুর', 'muksudpur.gopalganj.gov.bd'),
(390, 52, 'Faridpur Sadar', 'ফরিদপুর সদর', 'sadar.faridpur.gov.bd'),
(391, 52, 'Alfadanga', 'আলফাডাঙ্গা', 'alfadanga.faridpur.gov.bd'),
(392, 52, 'Boalmari', 'বোয়ালমারী', 'boalmari.faridpur.gov.bd'),
(393, 52, 'Sadarpur', 'সদরপুর', 'sadarpur.faridpur.gov.bd'),
(394, 52, 'Nagarkanda', 'নগরকান্দা', 'nagarkanda.faridpur.gov.bd'),
(395, 52, 'Bhanga', 'ভাঙ্গা', 'bhanga.faridpur.gov.bd'),
(396, 52, 'Charbhadrasan', 'চরভদ্রাসন', 'charbhadrasan.faridpur.gov.bd'),
(397, 52, 'Madhukhali', 'মধুখালী', 'madhukhali.faridpur.gov.bd'),
(398, 52, 'Saltha', 'সালথা', 'saltha.faridpur.gov.bd'),
(399, 53, 'Panchagarh Sadar', 'পঞ্চগড় সদর', 'panchagarhsadar.panchagarh.gov.bd'),
(400, 53, 'Debiganj', 'দেবীগঞ্জ', 'debiganj.panchagarh.gov.bd'),
(401, 53, 'Boda', 'বোদা', 'boda.panchagarh.gov.bd'),
(402, 53, 'Atwari', 'আটোয়ারী', 'atwari.panchagarh.gov.bd'),
(403, 53, 'Tetulia', 'তেতুলিয়া', 'tetulia.panchagarh.gov.bd'),
(404, 54, 'Nawabganj', 'নবাবগঞ্জ', 'nawabganj.dinajpur.gov.bd'),
(405, 54, 'Birganj', 'বীরগঞ্জ', 'birganj.dinajpur.gov.bd'),
(406, 54, 'Ghoraghat', 'ঘোড়াঘাট', 'ghoraghat.dinajpur.gov.bd'),
(407, 54, 'Birampur', 'বিরামপুর', 'birampur.dinajpur.gov.bd'),
(408, 54, 'Parbatipur', 'পার্বতীপুর', 'parbatipur.dinajpur.gov.bd'),
(409, 54, 'Bochaganj', 'বোচাগঞ্জ', 'bochaganj.dinajpur.gov.bd'),
(410, 54, 'Kaharol', 'কাহারোল', 'kaharol.dinajpur.gov.bd'),
(411, 54, 'Fulbari', 'ফুলবাড়ী', 'fulbari.dinajpur.gov.bd'),
(412, 54, 'Dinajpur Sadar', 'দিনাজপুর সদর', 'dinajpursadar.dinajpur.gov.bd'),
(413, 54, 'Hakimpur', 'হাকিমপুর', 'hakimpur.dinajpur.gov.bd'),
(414, 54, 'Khansama', 'খানসামা', 'khansama.dinajpur.gov.bd'),
(415, 54, 'Birol', 'বিরল', 'birol.dinajpur.gov.bd'),
(416, 54, 'Chirirbandar', 'চিরিরবন্দর', 'chirirbandar.dinajpur.gov.bd'),
(417, 55, 'Lalmonirhat Sadar', 'লালমনিরহাট সদর', 'sadar.lalmonirhat.gov.bd'),
(418, 55, 'Kaliganj', 'কালীগঞ্জ', 'kaliganj.lalmonirhat.gov.bd'),
(419, 55, 'Hatibandha', 'হাতীবান্ধা', 'hatibandha.lalmonirhat.gov.bd'),
(420, 55, 'Patgram', 'পাটগ্রাম', 'patgram.lalmonirhat.gov.bd'),
(421, 55, 'Aditmari', 'আদিতমারী', 'aditmari.lalmonirhat.gov.bd'),
(422, 56, 'Syedpur', 'সৈয়দপুর', 'syedpur.nilphamari.gov.bd'),
(423, 56, 'Domar', 'ডোমার', 'domar.nilphamari.gov.bd'),
(424, 56, 'Dimla', 'ডিমলা', 'dimla.nilphamari.gov.bd'),
(425, 56, 'Jaldhaka', 'জলঢাকা', 'jaldhaka.nilphamari.gov.bd'),
(426, 56, 'Kishorganj', 'কিশোরগঞ্জ', 'kishorganj.nilphamari.gov.bd'),
(427, 56, 'Nilphamari Sadar', 'নীলফামারী সদর', 'nilphamarisadar.nilphamari.gov.bd'),
(428, 57, 'Sadullapur', 'সাদুল্লাপুর', 'sadullapur.gaibandha.gov.bd'),
(429, 57, 'Gaibandha Sadar', 'গাইবান্ধা সদর', 'gaibandhasadar.gaibandha.gov.bd'),
(430, 57, 'Palashbari', 'পলাশবাড়ী', 'palashbari.gaibandha.gov.bd'),
(431, 57, 'Saghata', 'সাঘাটা', 'saghata.gaibandha.gov.bd'),
(432, 57, 'Gobindaganj', 'গোবিন্দগঞ্জ', 'gobindaganj.gaibandha.gov.bd'),
(433, 57, 'Sundarganj', 'সুন্দরগঞ্জ', 'sundarganj.gaibandha.gov.bd'),
(434, 57, 'Phulchari', 'ফুলছড়ি', 'phulchari.gaibandha.gov.bd'),
(435, 58, 'Thakurgaon Sadar', 'ঠাকুরগাঁও সদর', 'thakurgaonsadar.thakurgaon.gov.bd'),
(436, 58, 'Pirganj', 'পীরগঞ্জ', 'pirganj.thakurgaon.gov.bd'),
(437, 58, 'Ranisankail', 'রাণীশংকৈল', 'ranisankail.thakurgaon.gov.bd'),
(438, 58, 'Haripur', 'হরিপুর', 'haripur.thakurgaon.gov.bd'),
(439, 58, 'Baliadangi', 'বালিয়াডাঙ্গী', 'baliadangi.thakurgaon.gov.bd'),
(440, 59, 'Rangpur Sadar', 'রংপুর সদর', 'rangpursadar.rangpur.gov.bd'),
(441, 59, 'Gangachara', 'গংগাচড়া', 'gangachara.rangpur.gov.bd'),
(442, 59, 'Taragonj', 'তারাগঞ্জ', 'taragonj.rangpur.gov.bd'),
(443, 59, 'Badargonj', 'বদরগঞ্জ', 'badargonj.rangpur.gov.bd'),
(444, 59, 'Mithapukur', 'মিঠাপুকুর', 'mithapukur.rangpur.gov.bd'),
(445, 59, 'Pirgonj', 'পীরগঞ্জ', 'pirgonj.rangpur.gov.bd'),
(446, 59, 'Kaunia', 'কাউনিয়া', 'kaunia.rangpur.gov.bd'),
(447, 59, 'Pirgacha', 'পীরগাছা', 'pirgacha.rangpur.gov.bd'),
(448, 60, 'Kurigram Sadar', 'কুড়িগ্রাম সদর', 'kurigramsadar.kurigram.gov.bd'),
(449, 60, 'Nageshwari', 'নাগেশ্বরী', 'nageshwari.kurigram.gov.bd'),
(450, 60, 'Bhurungamari', 'ভুরুঙ্গামারী', 'bhurungamari.kurigram.gov.bd'),
(451, 60, 'Phulbari', 'ফুলবাড়ী', 'phulbari.kurigram.gov.bd'),
(452, 60, 'Rajarhat', 'রাজারহাট', 'rajarhat.kurigram.gov.bd'),
(453, 60, 'Ulipur', 'উলিপুর', 'ulipur.kurigram.gov.bd'),
(454, 60, 'Chilmari', 'চিলমারী', 'chilmari.kurigram.gov.bd'),
(455, 60, 'Rowmari', 'রৌমারী', 'rowmari.kurigram.gov.bd'),
(456, 60, 'Charrajibpur', 'চর রাজিবপুর', 'charrajibpur.kurigram.gov.bd'),
(457, 61, 'Sherpur Sadar', 'শেরপুর সদর', 'sherpursadar.sherpur.gov.bd'),
(458, 61, 'Nalitabari', 'নালিতাবাড়ী', 'nalitabari.sherpur.gov.bd'),
(459, 61, 'Sreebordi', 'শ্রীবরদী', 'sreebordi.sherpur.gov.bd'),
(460, 61, 'Nokla', 'নকলা', 'nokla.sherpur.gov.bd'),
(461, 61, 'Jhenaigati', 'ঝিনাইগাতী', 'jhenaigati.sherpur.gov.bd'),
(462, 62, 'Fulbaria', 'ফুলবাড়ীয়া', 'fulbaria.mymensingh.gov.bd'),
(463, 62, 'Trishal', 'ত্রিশাল', 'trishal.mymensingh.gov.bd'),
(464, 62, 'Bhaluka', 'ভালুকা', 'bhaluka.mymensingh.gov.bd'),
(465, 62, 'Muktagacha', 'মুক্তাগাছা', 'muktagacha.mymensingh.gov.bd'),
(466, 62, 'Mymensingh Sadar', 'ময়মনসিংহ সদর', 'mymensinghsadar.mymensingh.gov.bd'),
(467, 62, 'Dhobaura', 'ধোবাউড়া', 'dhobaura.mymensingh.gov.bd'),
(468, 62, 'Phulpur', 'ফুলপুর', 'phulpur.mymensingh.gov.bd'),
(469, 62, 'Haluaghat', 'হালুয়াঘাট', 'haluaghat.mymensingh.gov.bd'),
(470, 62, 'Gouripur', 'গৌরীপুর', 'gouripur.mymensingh.gov.bd'),
(471, 62, 'Gafargaon', 'গফরগাঁও', 'gafargaon.mymensingh.gov.bd'),
(472, 62, 'Iswarganj', 'ঈশ্বরগঞ্জ', 'iswarganj.mymensingh.gov.bd'),
(473, 62, 'Nandail', 'নান্দাইল', 'nandail.mymensingh.gov.bd'),
(474, 62, 'Tarakanda', 'তারাকান্দা', 'tarakanda.mymensingh.gov.bd'),
(475, 63, 'Jamalpur Sadar', 'জামালপুর সদর', 'jamalpursadar.jamalpur.gov.bd'),
(476, 63, 'Melandah', 'মেলান্দহ', 'melandah.jamalpur.gov.bd'),
(477, 63, 'Islampur', 'ইসলামপুর', 'islampur.jamalpur.gov.bd'),
(478, 63, 'Dewangonj', 'দেওয়ানগঞ্জ', 'dewangonj.jamalpur.gov.bd'),
(479, 63, 'Sarishabari', 'সরিষাবাড়ী', 'sarishabari.jamalpur.gov.bd'),
(480, 63, 'Madarganj', 'মাদারগঞ্জ', 'madarganj.jamalpur.gov.bd'),
(481, 63, 'Bokshiganj', 'বকশীগঞ্জ', 'bokshiganj.jamalpur.gov.bd'),
(482, 64, 'Barhatta', 'বারহাট্টা', 'barhatta.netrokona.gov.bd'),
(483, 64, 'Durgapur', 'দুর্গাপুর', 'durgapur.netrokona.gov.bd'),
(484, 64, 'Kendua', 'কেন্দুয়া', 'kendua.netrokona.gov.bd'),
(485, 64, 'Atpara', 'আটপাড়া', 'atpara.netrokona.gov.bd'),
(486, 64, 'Madan', 'মদন', 'madan.netrokona.gov.bd'),
(487, 64, 'Khaliajuri', 'খালিয়াজুরী', 'khaliajuri.netrokona.gov.bd'),
(488, 64, 'Kalmakanda', 'কলমাকান্দা', 'kalmakanda.netrokona.gov.bd'),
(489, 64, 'Mohongonj', 'মোহনগঞ্জ', 'mohongonj.netrokona.gov.bd'),
(490, 64, 'Purbadhala', 'পূর্বধলা', 'purbadhala.netrokona.gov.bd'),
(491, 64, 'Netrokona Sadar', 'নেত্রকোণা সদর', 'netrokonasadar.netrokona.gov.bd');

-- --------------------------------------------------------

--
-- Table structure for table `users`
--

CREATE TABLE `users` (
  `id` bigint(20) UNSIGNED NOT NULL,
  `role_id` int(10) UNSIGNED NOT NULL DEFAULT 2,
  `is_system_admin` int(10) UNSIGNED NOT NULL DEFAULT 0,
  `name` varchar(255) NOT NULL,
  `email` varchar(255) NOT NULL,
  `phone` varchar(255) NOT NULL,
  `email_verified_at` timestamp NULL DEFAULT NULL,
  `password` varchar(255) NOT NULL,
  `remember_token` varchar(100) DEFAULT NULL,
  `created_at` timestamp NULL DEFAULT NULL,
  `updated_at` timestamp NULL DEFAULT NULL
) ENGINE=InnoDB DEFAULT CHARSET=utf8mb4 COLLATE=utf8mb4_unicode_ci;

--
-- Dumping data for table `users`
--

INSERT INTO `users` (`id`, `role_id`, `is_system_admin`, `name`, `email`, `phone`, `email_verified_at`, `password`, `remember_token`, `created_at`, `updated_at`) VALUES
(1, 1, 1, 'Admin', 'admin@gmail.com', '123456789', '2023-11-29 13:40:40', '$2y$12$q52i/wofcZmwVg4cSmQyQ.172DhMzc/h0ltDXU926BmED/aZhfcRa', '5gCjRXeeAejKbh1VJsFrX3w2G3X9bzrLStRgtBeSpzoqFHnaINWAFycJnCtD', '2023-11-29 13:40:41', '2023-11-29 13:40:41'),
(2, 2, 0, 'Farhad Mia', 'user1@gmail.com', '01518369352', NULL, '$2y$12$ZUW4O2o2HwLGtLO6KBtQIuwXRYW3/NoAX8f2sv.Y8bPdx5X.lBumC', NULL, '2023-11-29 14:16:53', '2023-11-29 14:16:53'),
(3, 2, 0, 'user2', 'user2@gmail.com', '018', NULL, '$2y$12$mT7Q6Hyyg8xRHhCW/nJLEO6TOLoR77QwYb6rzZqb2Jr1H/5a8Hxom', NULL, '2023-12-02 06:25:24', '2023-12-02 06:25:24');

--
-- Indexes for dumped tables
--

--
-- Indexes for table `billings`
--
ALTER TABLE `billings`
  ADD PRIMARY KEY (`id`);

--
-- Indexes for table `categories`
--
ALTER TABLE `categories`
  ADD PRIMARY KEY (`id`),
  ADD UNIQUE KEY `categories_title_unique` (`title`);

--
-- Indexes for table `coupons`
--
ALTER TABLE `coupons`
  ADD PRIMARY KEY (`id`),
  ADD UNIQUE KEY `coupons_coupon_name_unique` (`coupon_name`);

--
-- Indexes for table `districts`
--
ALTER TABLE `districts`
  ADD PRIMARY KEY (`id`),
  ADD KEY `division_id` (`division_id`);

--
-- Indexes for table `divisions`
--
ALTER TABLE `divisions`
  ADD PRIMARY KEY (`id`);

--
-- Indexes for table `failed_jobs`
--
ALTER TABLE `failed_jobs`
  ADD PRIMARY KEY (`id`),
  ADD UNIQUE KEY `failed_jobs_uuid_unique` (`uuid`);

--
-- Indexes for table `migrations`
--
ALTER TABLE `migrations`
  ADD PRIMARY KEY (`id`);

--
-- Indexes for table `orders`
--
ALTER TABLE `orders`
  ADD PRIMARY KEY (`id`),
  ADD KEY `orders_user_id_foreign` (`user_id`);

--
-- Indexes for table `order_details`
--
ALTER TABLE `order_details`
  ADD PRIMARY KEY (`id`),
  ADD KEY `order_details_order_id_foreign` (`order_id`),
  ADD KEY `order_details_user_id_foreign` (`user_id`),
  ADD KEY `order_details_product_id_foreign` (`product_id`);

--
-- Indexes for table `password_reset_tokens`
--
ALTER TABLE `password_reset_tokens`
  ADD PRIMARY KEY (`email`);

--
-- Indexes for table `personal_access_tokens`
--
ALTER TABLE `personal_access_tokens`
  ADD PRIMARY KEY (`id`),
  ADD UNIQUE KEY `personal_access_tokens_token_unique` (`token`),
  ADD KEY `personal_access_tokens_tokenable_type_tokenable_id_index` (`tokenable_type`,`tokenable_id`);

--
-- Indexes for table `products`
--
ALTER TABLE `products`
  ADD PRIMARY KEY (`id`),
  ADD UNIQUE KEY `products_product_code_unique` (`product_code`),
  ADD KEY `products_category_id_foreign` (`category_id`);

--
-- Indexes for table `product_images`
--
ALTER TABLE `product_images`
  ADD PRIMARY KEY (`id`),
  ADD KEY `product_images_product_id_foreign` (`product_id`);

--
-- Indexes for table `testimonials`
--
ALTER TABLE `testimonials`
  ADD PRIMARY KEY (`id`);

--
-- Indexes for table `upazilas`
--
ALTER TABLE `upazilas`
  ADD PRIMARY KEY (`id`),
  ADD KEY `district_id` (`district_id`);

--
-- Indexes for table `users`
--
ALTER TABLE `users`
  ADD PRIMARY KEY (`id`),
  ADD UNIQUE KEY `users_email_unique` (`email`),
  ADD UNIQUE KEY `users_phone_unique` (`phone`);

--
-- AUTO_INCREMENT for dumped tables
--

--
-- AUTO_INCREMENT for table `billings`
--
ALTER TABLE `billings`
  MODIFY `id` bigint(20) UNSIGNED NOT NULL AUTO_INCREMENT, AUTO_INCREMENT=7;

--
-- AUTO_INCREMENT for table `categories`
--
ALTER TABLE `categories`
  MODIFY `id` bigint(20) UNSIGNED NOT NULL AUTO_INCREMENT, AUTO_INCREMENT=8;

--
-- AUTO_INCREMENT for table `coupons`
--
ALTER TABLE `coupons`
  MODIFY `id` bigint(20) UNSIGNED NOT NULL AUTO_INCREMENT, AUTO_INCREMENT=6;

--
-- AUTO_INCREMENT for table `districts`
--
ALTER TABLE `districts`
  MODIFY `id` int(2) NOT NULL AUTO_INCREMENT, AUTO_INCREMENT=65;

--
-- AUTO_INCREMENT for table `divisions`
--
ALTER TABLE `divisions`
  MODIFY `id` int(1) NOT NULL AUTO_INCREMENT, AUTO_INCREMENT=9;

--
-- AUTO_INCREMENT for table `failed_jobs`
--
ALTER TABLE `failed_jobs`
  MODIFY `id` bigint(20) UNSIGNED NOT NULL AUTO_INCREMENT;

--
-- AUTO_INCREMENT for table `migrations`
--
ALTER TABLE `migrations`
  MODIFY `id` int(10) UNSIGNED NOT NULL AUTO_INCREMENT, AUTO_INCREMENT=13;

--
-- AUTO_INCREMENT for table `orders`
--
ALTER TABLE `orders`
  MODIFY `id` bigint(20) UNSIGNED NOT NULL AUTO_INCREMENT, AUTO_INCREMENT=7;

--
-- AUTO_INCREMENT for table `order_details`
--
ALTER TABLE `order_details`
  MODIFY `id` bigint(20) UNSIGNED NOT NULL AUTO_INCREMENT, AUTO_INCREMENT=10;

--
-- AUTO_INCREMENT for table `personal_access_tokens`
--
ALTER TABLE `personal_access_tokens`
  MODIFY `id` bigint(20) UNSIGNED NOT NULL AUTO_INCREMENT;

--
-- AUTO_INCREMENT for table `products`
--
ALTER TABLE `products`
  MODIFY `id` bigint(20) UNSIGNED NOT NULL AUTO_INCREMENT, AUTO_INCREMENT=23;

--
-- AUTO_INCREMENT for table `product_images`
--
ALTER TABLE `product_images`
  MODIFY `id` bigint(20) UNSIGNED NOT NULL AUTO_INCREMENT, AUTO_INCREMENT=5;

--
-- AUTO_INCREMENT for table `testimonials`
--
ALTER TABLE `testimonials`
  MODIFY `id` bigint(20) UNSIGNED NOT NULL AUTO_INCREMENT, AUTO_INCREMENT=11;

--
-- AUTO_INCREMENT for table `upazilas`
--
ALTER TABLE `upazilas`
  MODIFY `id` int(3) NOT NULL AUTO_INCREMENT, AUTO_INCREMENT=492;

--
-- AUTO_INCREMENT for table `users`
--
ALTER TABLE `users`
  MODIFY `id` bigint(20) UNSIGNED NOT NULL AUTO_INCREMENT, AUTO_INCREMENT=4;

--
-- Constraints for dumped tables
--

--
-- Constraints for table `districts`
--
ALTER TABLE `districts`
  ADD CONSTRAINT `districts_ibfk_2` FOREIGN KEY (`division_id`) REFERENCES `divisions` (`id`) ON DELETE CASCADE ON UPDATE CASCADE;

--
-- Constraints for table `orders`
--
ALTER TABLE `orders`
  ADD CONSTRAINT `orders_user_id_foreign` FOREIGN KEY (`user_id`) REFERENCES `users` (`id`) ON DELETE CASCADE;

--
-- Constraints for table `order_details`
--
ALTER TABLE `order_details`
  ADD CONSTRAINT `order_details_order_id_foreign` FOREIGN KEY (`order_id`) REFERENCES `orders` (`id`) ON DELETE CASCADE,
  ADD CONSTRAINT `order_details_product_id_foreign` FOREIGN KEY (`product_id`) REFERENCES `products` (`id`) ON DELETE CASCADE,
  ADD CONSTRAINT `order_details_user_id_foreign` FOREIGN KEY (`user_id`) REFERENCES `users` (`id`) ON DELETE CASCADE;

--
-- Constraints for table `products`
--
ALTER TABLE `products`
  ADD CONSTRAINT `products_category_id_foreign` FOREIGN KEY (`category_id`) REFERENCES `categories` (`id`) ON DELETE CASCADE;

--
-- Constraints for table `product_images`
--
ALTER TABLE `product_images`
  ADD CONSTRAINT `product_images_product_id_foreign` FOREIGN KEY (`product_id`) REFERENCES `products` (`id`) ON DELETE CASCADE;

--
-- Constraints for table `upazilas`
--
ALTER TABLE `upazilas`
  ADD CONSTRAINT `upazilas_ibfk_2` FOREIGN KEY (`district_id`) REFERENCES `districts` (`id`) ON DELETE CASCADE ON UPDATE CASCADE;
COMMIT;

/*!40101 SET CHARACTER_SET_CLIENT=@OLD_CHARACTER_SET_CLIENT */;
/*!40101 SET CHARACTER_SET_RESULTS=@OLD_CHARACTER_SET_RESULTS */;
/*!40101 SET COLLATION_CONNECTION=@OLD_COLLATION_CONNECTION */;
